timestamp, tic, x, y, z, angle, momx, momy,momz
2025-11-06 08:57:27,42805,2226,3250,-64,258.09,-2,-9,0
2025-11-06 08:57:28,42844,2249,3126,-64,101.78,-1,2,0
2025-11-06 08:57:29,42879,2229,3224,-64,101.65,-2,4,0
2025-11-06 08:57:30,42914,2313,3349,-64,269.91,3,-4,0
2025-11-06 08:57:31,42949,2384,3223,-48,5.76,6,1,0
2025-11-06 08:57:32,42984,2640,3305,0,90.83,3,7,0
2025-11-06 08:57:33,43019,2735,3362,0,342.38,0,-1,3
2025-11-06 08:57:34,43056,2735,3351,0,349.41,-1,-1,3
2025-11-06 08:57:35,43097,2735,3349,48,349.89,0,-1,3
2025-11-06 08:57:36,43132,2841,3324,96,343.39,7,-2,0
2025-11-06 08:57:37,43167,2955,3290,96,272.46,0,-4,0
2025-11-06 08:57:38,43202,2957,3180,96,152.75,1,-1,0
2025-11-06 08:57:39,43237,3001,3232,96,117.29,2,-4,0
2025-11-06 08:57:40,43272,3026,3250,96,95.8,-1,7,0
2025-11-06 08:57:41,43307,2948,3433,96,211.2,-8,-1,0
2025-11-06 08:57:42,43342,2730,3346,91,81.91,-3,-3,3
2025-11-06 08:57:43,43379,2735,3321,0,21.45,0,0,3
2025-11-06 08:57:44,43414,2735,3346,0,23.33,0,0,3
2025-11-06 08:57:47,43505,2821,3381,96,351.87,6,1,0
2025-11-06 08:57:48,43540,3098,3369,96,355.65,8,-1,0
2025-11-06 08:57:49,43575,3395,3353,44,357.54,9,-1,0
2025-11-06 08:57:50,43610,3692,3338,80,356.7,3,-1,0
2025-11-06 08:57:51,43645,3686,3330,80,347.08,4,-2,0
2025-11-06 08:57:52,43680,3605,3338,48,357.85,-5,0,0
2025-11-06 08:57:53,43715,3708,3343,96,0.18,-1,0,0
2025-11-06 08:57:54,43750,3580,3354,32,350.73,4,-1,0
2025-11-06 08:57:55,43785,3702,3318,96,1.36,3,-1,0
2025-11-06 08:57:56,43820,3707,3356,96,295.05,2,1,0
2025-11-06 08:57:57,43855,3726,3398,96,276.77,1,0,0
2025-11-06 08:57:58,43890,3751,3410,112,264.34,0,0,0
2025-11-06 08:58:06,44135,-97,906,12,90,-1,6,0
2025-11-06 08:58:07,44170,-99,1098,24,58.8,-1,1,0
2025-11-06 08:58:08,44205,-135,1000,8,78.57,-2,-4,0
2025-11-06 08:58:09,44240,-103,1066,24,65.87,-2,-4,0
2025-11-06 08:58:10,44275,-138,984,8,53.75,3,4,0
2025-11-06 08:58:11,44310,-81,1227,48,93.6,-1,8,0
2025-11-06 08:58:12,44345,-88,1332,56,90.79,-1,0,0
2025-11-06 08:58:13,44380,-88,1387,56,87.32,0,0,0
2025-11-06 08:58:14,44429,-98,1381,56,332.75,-2,-1,0
2025-11-06 08:58:15,44464,-26,1225,48,303.97,2,-7,0
2025-11-06 08:58:16,44499,86,1040,8,318.91,3,-1,0
2025-11-06 08:58:17,44534,153,945,8,191.6,-5,-5,0
2025-11-06 08:58:18,44569,-54,1022,24,109.03,-4,6,0
2025-11-06 08:58:19,44604,-108,1303,56,79.58,0,8,0
2025-11-06 08:58:20,44639,-10,1571,56,3.65,7,4,0
2025-11-06 08:58:21,44674,2,1647,56,316.19,-4,0,0
2025-11-06 08:58:22,44709,-15,1615,56,340.18,-1,-1,0
2025-11-06 08:58:23,44744,73,1609,56,356.92,1,-1,0
2025-11-06 08:58:24,44779,252,1590,56,329.94,7,-3,0
2025-11-06 08:58:25,44814,520,1557,56,312.45,6,-2,0
2025-11-06 08:58:26,44849,624,1521,56,81.34,0,4,0
2025-11-06 08:58:27,44884,621,1694,56,223.68,-5,0,0
2025-11-06 08:58:28,44919,524,1647,56,234.89,-1,0,0
2025-11-06 08:58:29,44954,423,1537,56,269.12,-2,-5,0
2025-11-06 08:58:30,44989,406,1289,56,268.46,-1,-9,0
2025-11-06 08:58:31,45024,390,1201,56,93.6,-1,6,0
2025-11-06 08:58:32,45059,369,1466,56,106.74,-2,8,0
2025-11-06 08:58:33,45094,214,1650,56,141.37,-2,0,0
2025-11-06 08:58:34,45129,64,1601,56,215.9,-7,-1,0
2025-11-06 08:58:35,45164,-77,1438,56,279.84,-1,-4,0
2025-11-06 08:58:36,45199,-53,1216,48,279.4,1,-9,0
2025-11-06 08:58:37,45234,-3,1046,16,95.41,0,4,0
2025-11-06 08:58:38,45269,-78,1299,56,97.69,-3,9,0
2025-11-06 08:58:39,45304,-46,1570,56,3.38,8,3,0
2025-11-06 08:58:40,45339,183,1709,56,95.14,1,7,0
2025-11-06 08:58:41,45374,200,1768,56,92.33,0,-1,0
2025-11-06 08:58:43,45416,197,1835,54,91.89,-1,6,0
2025-11-06 08:58:44,45451,194,2001,48,110.79,2,-5,0
2025-11-06 08:58:45,45486,267,1905,48,76.51,3,8,0
2025-11-06 08:58:46,45521,320,2161,48,110.08,0,2,0
2025-11-06 08:58:47,45556,361,2029,48,137.68,-2,-1,0
2025-11-06 08:58:48,45591,187,2158,48,138.87,-3,1,0
2025-11-06 08:58:49,45626,74,2147,48,203.64,-7,-4,0
2025-11-06 08:58:50,45661,-79,2315,48,47.99,1,9,0
2025-11-06 08:58:51,45696,-67,2469,48,335.3,-5,2,0
2025-11-06 08:58:52,45731,-54,2492,48,357.23,6,-1,0
2025-11-06 08:58:53,45766,166,2450,48,339.35,1,-1,0
2025-11-06 08:58:54,45801,200,2372,48,285.38,1,-7,0
2025-11-06 08:58:55,45836,239,2248,48,32.61,-1,-1,0
2025-11-06 08:58:56,45871,239,2213,48,339.92,5,-6,0
2025-11-06 08:58:57,45906,445,2148,48,117.73,3,-3,0
2025-11-06 08:58:58,45941,496,2177,48,95.58,-1,6,0
2025-11-06 08:58:59,45976,500,2435,48,52.56,2,6,0
2025-11-06 08:59:00,46011,574,2649,48,184.26,-5,4,0
2025-11-06 08:59:01,46046,457,2581,48,221.75,-4,-6,0
2025-11-06 08:59:02,46081,242,2461,48,203.51,-8,-4,0
2025-11-06 08:59:03,46121,144,2415,48,244.78,0,-1,0
2025-11-06 08:59:04,46156,166,2426,48,190.5,0,0,0
2025-11-06 08:59:05,46191,21,2398,48,257.74,-3,-1,3
2025-11-06 08:59:06,46226,15,2358,48,35.42,-5,-4,0
2025-11-06 08:59:07,46261,47,2322,48,313.15,0,-2,0
2025-11-06 08:59:08,46296,193,2256,48,6.81,7,0,0
2025-11-06 08:59:09,46331,343,2392,48,216.61,-6,2,3
2025-11-06 08:59:10,46366,217,2379,48,258.88,-2,-3,0
2025-11-06 08:59:11,46401,76,2261,48,94.44,-7,3,3
2025-11-06 08:59:12,46436,-54,2324,48,287.84,-2,-7,0
2025-11-06 08:59:13,46471,67,2114,48,286.66,4,-7,0
2025-11-06 08:59:14,46506,144,1842,48,294.26,2,-9,0
2025-11-06 08:59:15,46541,235,1626,56,192.88,1,-2,0
2025-11-06 08:59:16,46576,311,1552,56,21.18,2,0,0
2025-11-06 08:59:17,46611,378,1433,56,263.94,-1,-8,0
2025-11-06 08:59:18,46646,379,1148,56,272.64,0,-9,0
2025-11-06 08:59:19,46681,383,874,40,241.22,-1,-7,0
2025-11-06 08:59:20,46716,280,683,40,202.15,-2,-2,0
2025-11-06 08:59:21,46751,232,656,40,183.87,-2,-1,0
2025-11-06 08:59:22,46786,213,653,40,174.86,0,-1,0
2025-11-06 08:59:23,46821,202,653,40,175.91,-6,0,0
2025-11-06 08:59:24,46856,116,653,40,10.2,4,0,5
2025-11-06 08:59:25,46891,360,763,40,356.66,7,2,0
2025-11-06 08:59:26,46926,643,756,56,349.85,8,-2,0
2025-11-06 08:59:27,46961,876,610,72,353.14,7,-4,0
2025-11-06 08:59:28,47000,947,584,40,40.43,-1,-1,0
2025-11-06 08:59:29,47035,845,564,72,40.56,-1,-1,0
2025-11-06 08:59:30,47070,791,536,72,15.78,-2,-1,0
2025-11-06 08:59:31,47105,873,559,72,15.82,2,0,0
2025-11-06 08:59:32,47140,817,528,72,60.34,-2,-2,0
2025-11-06 08:59:33,47175,799,528,72,53.88,-1,-1,0
2025-11-06 08:59:34,47210,840,545,72,114.79,0,-1,0
2025-11-06 08:59:35,47245,848,528,72,89.08,0,-1,0
2025-11-06 08:59:36,47280,886,572,72,340.22,2,2,0
2025-11-06 08:59:37,47315,876,581,72,7.91,-1,-1,0
2025-11-06 08:59:38,47350,919,598,56,351.96,3,1,0
2025-11-06 08:59:39,47385,1022,781,40,53.44,1,5,0
2025-11-06 08:59:40,47420,1133,865,40,355.65,0,0,0
2025-11-06 08:59:41,47455,1086,873,40,354.81,-2,0,0
2025-11-06 08:59:42,47490,1131,870,40,355.87,0,-1,0
2025-11-06 08:59:43,47525,1095,874,40,346.33,-1,0,0
2025-11-06 08:59:44,47560,1056,739,40,182.68,-5,-5,0
2025-11-06 08:59:45,47595,976,695,40,141.68,0,-1,0
2025-11-06 08:59:46,47630,946,671,40,199.73,-4,-2,0
2025-11-06 08:59:47,47665,781,602,72,225.48,-7,-5,0
2025-11-06 08:59:48,47700,741,528,72,330.47,4,-6,0
2025-11-06 08:59:49,47735,834,528,72,190.77,-2,-3,0
2025-11-06 08:59:50,47770,827,529,72,164,-4,0,0
2025-11-06 08:59:51,47805,626,631,40,162.42,-8,3,0
2025-11-06 08:59:52,47840,464,687,40,188.31,0,0,0
2025-11-06 08:59:53,47884,464,706,40,152.27,-1,1,0
2025-11-06 08:59:54,47919,405,733,40,199.6,-2,0,0
2025-11-06 08:59:55,47954,241,681,40,189.8,-8,-3,0
2025-11-06 08:59:56,47989,234,628,40,34.19,1,-1,0
2025-11-06 08:59:57,48024,460,614,40,7.43,8,0,0
2025-11-06 08:59:58,48059,729,615,72,295.27,6,-6,0
2025-11-06 08:59:59,48094,856,528,72,335.3,0,-1,0
2025-11-06 09:00:00,48129,876,589,72,82.71,0,5,0
2025-11-06 09:00:01,48164,896,872,40,48.82,2,9,0
2025-11-06 09:00:02,48199,1000,955,40,78.97,1,1,0
2025-11-06 09:00:03,48235,1007,1031,40,79.32,-1,-1,0
2025-11-06 09:00:04,48272,1007,1038,40,100.2,0,-3,0
2025-11-06 09:00:05,48307,1007,957,40,97.65,-1,-1,0
2025-11-06 09:00:06,48344,999,1014,40,97.51,-1,6,0
2025-11-06 09:00:07,48379,974,1073,40,5.98,-1,0,0
2025-11-06 09:00:08,48414,1047,1108,40,189.14,4,0,0
2025-11-06 09:00:09,48449,923,1098,40,183.91,-1,0,0
2025-11-06 09:00:10,48484,956,1103,40,51.2,1,0,0
2025-11-06 09:00:18,48674,1104,1990,0,264.38,0,2,13
2025-11-06 09:00:19,48709,1080,2021,0,272.42,-1,-2,13
2025-11-06 09:00:20,48744,1031,1776,-24,257.78,-3,-9,0
2025-11-06 09:00:21,48779,861,1575,24,307.53,-1,-7,0
2025-11-06 09:00:22,48814,848,1526,40,347.7,-1,0,0
2025-11-06 09:00:23,48849,901,1529,40,2.37,5,0,0
2025-11-06 09:00:24,48884,995,1531,40,359.38,3,-1,0
2025-11-06 09:00:25,48919,1022,1564,40,199.64,0,1,0
2025-11-06 09:00:26,48954,996,1488,40,258.49,-3,-7,0
2025-11-06 09:00:27,48989,978,1475,48,303.84,-1,0,0
2025-11-06 09:00:28,49024,1007,1437,48,304.72,0,-2,5
2025-11-06 09:00:29,49059,996,1433,48,318.08,-1,0,5
2025-11-06 09:00:30,49094,989,1464,48,255.5,0,0,0
2025-11-06 09:00:31,49132,989,1456,48,269.69,-1,-1,0
2025-11-06 09:00:32,49172,989,1454,48,269.6,-1,-2,0
2025-11-06 09:00:33,49207,838,1357,48,171.61,-9,0,0
2025-11-06 09:00:34,49242,732,1396,48,338.82,0,0,0
2025-11-06 09:00:35,49277,752,1319,48,303.4,0,-1,0
2025-11-06 09:00:36,49312,759,1316,48,308.01,0,-1,0
2025-11-06 09:00:37,49353,757,1332,48,278.79,-1,0,0
2025-11-06 09:00:38,49389,755,1340,48,344.58,0,0,0
2025-11-06 09:00:39,49424,973,1351,48,8.57,8,1,0
2025-11-06 09:00:40,49459,1197,1362,48,263.19,1,-1,0
2025-11-06 09:00:41,49494,1215,1361,48,266.84,0,-1,0
2025-11-06 09:00:42,49529,1217,1227,48,203.2,1,1,0
2025-11-06 09:00:43,49564,1212,1218,48,116.19,-1,2,0
2025-11-06 09:00:44,49599,1065,1399,48,166.42,-2,0,0
2025-11-06 09:00:45,49634,976,1415,48,165.98,-1,1,0
2025-11-06 09:00:46,49669,976,1403,48,180.13,-1,-1,0
2025-11-06 09:00:47,49704,970,1387,48,136.8,3,-3,0
2025-11-06 09:00:48,49739,1010,1395,48,103.27,-2,5,0
2025-11-06 09:00:49,49781,1002,1424,48,80.51,-1,0,0
2025-11-06 09:00:50,49816,1023,1624,40,82,1,8,0
2025-11-06 09:00:51,49851,1178,1841,-24,355.61,8,1,0
2025-11-06 09:00:52,49886,1178,1764,-24,190.2,-7,-3,0
2025-11-06 09:00:53,49921,993,1687,0,208.61,-7,-5,0
2025-11-06 09:00:54,49956,906,1527,40,311.4,3,-4,0
2025-11-06 09:00:55,49991,1004,1482,40,276.42,0,-3,0
2025-11-06 09:00:56,50026,1086,1323,48,346.9,6,-3,0
2025-11-06 09:00:57,50061,1191,1226,48,273.87,0,-7,0
2025-11-06 09:00:58,50096,1212,1218,48,96.68,1,1,0
2025-11-06 09:00:59,50131,1060,1390,48,165.06,-8,2,0
2025-11-06 09:01:00,50166,1001,1415,48,87.93,0,0,0
2025-11-06 09:01:01,50208,1033,1615,40,50.49,1,5,0
2025-11-06 09:01:02,50243,1175,1822,-24,343.74,6,4,0
2025-11-06 09:01:03,50278,1358,1828,-24,323.83,2,-2,0
2025-11-06 09:01:04,50313,1333,1855,-24,320.45,-1,0,0
2025-11-06 09:01:05,50348,1387,1813,-24,325.46,0,-1,0
2025-11-06 09:01:06,50383,1376,1820,-24,325.81,-1,0,0
2025-11-06 09:01:07,50418,1337,1838,-24,339.7,0,0,0
2025-11-06 09:01:08,50453,1342,1841,-24,340.66,0,-1,0
2025-11-06 09:01:09,50488,1336,1842,-24,350.24,-2,0,0
2025-11-06 09:01:10,50523,1418,1832,-24,351.74,1,-1,0
2025-11-06 09:01:11,50558,1405,1833,-24,355.83,-2,0,0
2025-11-06 09:01:12,50593,1541,1675,-24,269.38,1,-9,0
2025-11-06 09:01:13,50628,1536,1406,-24,259.19,-1,-3,0
2025-11-06 09:01:14,50663,1524,1492,-24,100.28,-2,1,0
2025-11-06 09:01:15,50698,1449,1575,-24,239.72,-1,-1,0
2025-11-06 09:01:16,50733,1425,1544,-24,207.33,-1,-1,0
2025-11-06 09:01:17,50768,1466,1546,-24,352,6,-1,0
2025-11-06 09:01:18,50803,1506,1420,-24,263.36,-1,-2,0
2025-11-06 09:01:19,50838,1489,1255,-24,264.07,-1,-7,0
2025-11-06 09:01:20,50873,1465,1171,-24,213.57,-7,-5,0
2025-11-06 09:01:21,50908,1347,1084,-24,229.09,-3,-3,0
2025-11-06 09:01:22,50943,1349,1096,-24,227.46,0,0,0
2025-11-06 09:01:23,50978,1336,1084,-24,220.08,-1,-1,0
2025-11-06 09:01:24,51013,1240,1042,-24,174.81,-6,-3,0
2025-11-06 09:01:25,51048,1056,1124,-24,171.65,0,1,0
2025-11-06 09:01:26,51083,1066,1088,-24,301.99,1,-4,0
2025-11-06 09:01:27,51118,1183,977,8,319.04,5,-5,0
2025-11-06 09:01:28,51153,1291,979,8,55.77,4,6,0
2025-11-06 09:01:29,51188,1367,1089,-24,29.14,5,3,0
2025-11-06 09:01:30,51223,1536,1224,-24,63.76,2,3,0
2025-11-06 09:01:31,51258,1574,1358,-24,106.92,-1,5,0
2025-11-06 09:01:32,51293,1467,1570,-24,189.93,-7,3,0
2025-11-06 09:01:33,51328,1413,1560,-24,197.49,-4,-3,0
2025-11-06 09:01:35,51368,1461,1559,-24,329.33,7,-1,0
2025-11-06 09:01:36,51403,1548,1529,-24,268.07,0,-2,0
2025-11-06 09:01:37,51438,1541,1315,-24,263.8,-1,-8,0
2025-11-06 09:01:38,51473,1522,1178,-24,208.7,0,-1,0
2025-11-06 09:01:39,51508,1471,1148,-24,190.11,-7,-3,0
2025-11-06 09:01:40,51543,1209,1071,-24,229,-8,-5,0
2025-11-06 09:01:41,51578,1145,943,8,350.24,-1,-1,0
2025-11-06 09:01:42,51613,1184,850,8,337.15,3,-2,0
2025-11-06 09:01:43,51648,1301,821,8,9.01,7,2,0
2025-11-06 09:01:44,51683,1529,741,8,252.6,2,-9,0
2025-11-06 09:01:45,51718,1533,452,8,226.32,-1,-8,0
2025-11-06 09:01:46,51753,1531,376,8,220.61,-1,-1,0
2025-11-06 09:01:47,51788,1495,342,8,274.13,-1,0,0
2025-11-06 09:01:48,51823,1568,222,8,176.48,0,-3,0
2025-11-06 09:01:49,51858,1566,199,8,173.58,-1,-1,0
2025-11-06 09:01:50,51893,1499,217,8,85.34,0,4,0
2025-11-06 09:01:51,51928,1521,469,8,85.74,0,8,0
2025-11-06 09:01:52,51963,1503,618,8,114.74,-3,6,0
2025-11-06 09:01:53,51998,1385,842,8,241.96,-8,0,0
2025-11-06 09:01:54,52033,1255,753,8,234.36,-2,-2,0
2025-11-06 09:01:55,52068,1232,735,-40,241.22,-1,-2,0
2025-11-06 09:01:56,52103,1169,592,-40,129.2,-4,2,0
2025-11-06 09:01:57,52138,1053,821,8,304.72,-2,6,0
2025-11-06 09:01:58,52173,1074,866,8,79.89,1,6,0
2025-11-06 09:01:59,52208,1142,1058,-24,12.48,3,3,0
2025-11-06 09:02:00,52243,1206,1085,-24,237.7,1,-4,0
2025-11-06 09:02:01,52278,1145,850,8,263.41,-2,-7,0
2025-11-06 09:02:02,52313,1130,780,8,252.38,-1,-2,0
2025-11-06 09:02:03,52348,1136,800,8,274.92,0,-1,0
2025-11-06 09:02:04,52398,1163,789,8,314.96,4,-5,0
2025-11-06 09:02:05,52433,1352,597,-40,267.67,3,-6,0
2025-11-06 09:02:06,52468,1320,547,-32,248.91,-1,-4,0
2025-11-06 09:02:07,52503,1236,358,-32,101.73,-1,-2,0
2025-11-06 09:02:08,52538,1340,498,-32,77.52,3,3,0
2025-11-06 09:02:09,52573,1303,594,-40,172.57,-5,1,0
2025-11-06 09:02:10,52608,1121,721,0,72.73,-3,7,0
2025-11-06 09:02:11,52643,1157,965,8,33.71,1,4,0
2025-11-06 09:02:12,52678,1197,1031,-16,13.18,2,0,0
2025-11-06 09:02:13,52713,1311,1063,-24,13.14,6,1,0
2025-11-06 09:02:14,52748,1533,1125,-24,91.85,1,1,0
2025-11-06 09:02:15,52783,1510,1338,-24,40.65,2,6,0
2025-11-06 09:02:16,52818,1581,1410,-24,299.79,3,-5,0
2025-11-06 09:02:17,52853,1599,1347,-16,318.69,3,-6,0
2025-11-06 09:02:18,52888,1745,1237,-40,130.3,1,0,0
2025-11-06 09:02:19,52923,1591,1378,-16,132.58,-7,4,0
2025-11-06 09:02:20,52958,1488,1465,-24,225.97,-1,-4,0
2025-11-06 09:02:21,52993,1446,1349,-24,195.86,-6,-3,0
2025-11-06 09:02:22,53028,1415,1358,-24,21.62,5,3,0
2025-11-06 09:02:23,53063,1505,1476,-24,91.41,-1,6,0
2025-11-06 09:02:24,53098,1532,1500,-24,158.42,-1,0,0
2025-11-06 09:02:25,53133,1499,1682,-24,124.37,-2,8,0
2025-11-06 09:02:26,53168,1261,1851,-24,171.87,-9,1,0
2025-11-06 09:02:27,53203,1055,1887,-16,144.27,-6,2,0
2025-11-06 09:02:28,53238,850,2023,0,351.56,2,-1,13
2025-11-06 09:02:29,53273,938,1941,0,293.29,1,-2,13
2025-11-06 09:02:30,53308,1035,1975,0,19.25,6,3,13
2025-11-06 09:02:31,53343,1236,1983,0,244.69,0,-7,13
2025-11-06 09:02:32,53378,1092,1785,-24,230.1,-6,-6,0
2025-11-06 09:02:33,53413,854,1598,16,299.93,-3,-6,0
2025-11-06 09:02:34,53448,1016,1492,40,354.99,7,-2,0
2025-11-06 09:02:35,53483,1234,1479,40,358.77,7,-1,0
2025-11-06 09:02:36,53522,1172,1545,40,144.58,-6,4,0
2025-11-06 09:02:37,53557,1079,1765,-9,24.57,1,7,0
2025-11-06 09:02:38,53592,1299,1843,-24,338.73,8,-3,0
2025-11-06 09:02:39,53627,1516,1676,-24,262.62,1,-8,0
2025-11-06 09:02:40,53662,1468,1552,-24,185.01,-5,-1,0
2025-11-06 09:02:41,53697,1472,1544,-24,316.54,4,-1,0
2025-11-06 09:02:42,53732,1498,1376,-24,182.94,-6,-4,0
2025-11-06 09:02:43,53767,1360,1339,-24,177.45,-1,0,0
2025-11-06 09:02:44,53809,1371,1341,-24,22.19,1,0,0
2025-11-06 09:02:45,53844,1494,1250,-24,253.78,-1,-8,0
2025-11-06 09:02:46,53879,1422,1032,-24,185.1,-1,0,0
2025-11-06 09:02:47,53915,1342,1092,-24,176.79,-6,2,0
2025-11-06 09:02:48,53950,1102,1110,-24,164.09,-4,0,0
2025-11-06 09:02:49,53985,1056,1073,-24,195.56,0,-2,0
2025-11-06 09:02:50,54020,1066,1058,-24,173.67,0,-1,0
2025-11-06 09:02:51,54056,1073,1056,-24,165.67,0,-1,0
2025-11-06 09:02:53,54095,1164,1109,-24,2.46,6,2,0
2025-11-06 09:02:54,54130,1403,1137,-24,46.41,8,3,0
2025-11-06 09:02:55,54165,1597,1298,-16,348.31,5,1,0
2025-11-06 09:02:56,54200,1783,1242,-40,271.67,-1,1,0
2025-11-06 09:02:57,54235,1782,1270,-40,260.55,0,4,0
2025-11-06 09:02:58,54270,1773,1270,-40,260.6,0,3,0
2025-11-06 09:02:59,54305,1776,1229,-40,269.3,-1,-1,0
2025-11-06 09:03:00,54340,1778,1205,-40,279.23,0,-1,14
2025-11-06 09:03:01,54375,1777,1213,-40,271.93,-1,0,14
2025-11-06 09:03:02,54416,1724,1183,-40,219.33,-6,-4,0
2025-11-06 09:03:03,54451,1656,981,-40,278.7,0,-7,0
2025-11-06 09:03:04,54486,1682,926,-40,342.2,5,1,0
2025-11-06 09:03:05,54526,1712,938,-40,351.56,-1,-1,0
2025-11-06 09:03:06,54561,1798,919,-40,23.16,1,-1,0
2025-11-06 09:03:07,54596,1817,921,-40,31.55,1,0,0
2025-11-06 09:03:08,54631,1834,930,-40,20.43,0,0,0
2025-11-06 09:03:09,54666,1929,968,-40,81.87,0,0,0
2025-11-06 09:03:10,54701,1935,952,-40,87.93,0,-1,0
2025-11-06 09:03:11,54736,1936,1057,-40,110.04,-1,6,0
2025-11-06 09:03:12,54771,1947,1162,-40,309.99,7,-3,0
2025-11-06 09:03:13,54806,1938,984,-40,211.07,-5,-7,0
2025-11-06 09:03:14,54841,1730,971,-40,106.44,-5,6,0
2025-11-06 09:03:15,54876,1705,1117,-40,97.34,0,0,0
2025-11-06 09:03:16,54911,1707,1155,-40,89.3,0,1,0
2025-11-06 09:03:17,54946,1699,1235,-32,114.21,-2,6,0
2025-11-06 09:03:18,54981,1611,1364,-16,133.07,-6,3,0
2025-11-06 09:03:19,55016,1501,1555,-24,162.38,-1,2,0
2025-11-06 09:03:20,55051,1485,1677,-24,134.56,-2,2,0
2025-11-06 09:03:21,55086,1321,1818,-24,176.09,-8,2,0
2025-11-06 09:03:22,55121,1043,1802,-24,272.72,-6,-7,0
2025-11-06 09:03:23,55156,893,1593,16,206.67,-8,-3,0
2025-11-06 09:03:24,55191,915,1480,40,332.53,4,-1,0
2025-11-06 09:03:25,55226,979,1483,40,280.06,0,-4,0
2025-11-06 09:03:26,55261,1075,1347,48,188.61,3,-1,0
2025-11-06 09:03:27,55296,1229,1278,48,227.07,1,-6,0
2025-11-06 09:03:28,55340,1170,1230,48,117.42,-2,2,0
2025-11-06 09:03:29,55375,1062,1355,48,186.86,-8,0,0
2025-11-06 09:03:30,55410,998,1390,48,91.1,-1,1,0
2025-11-06 09:03:31,55445,997,1483,48,90.04,-1,7,0
2025-11-06 09:03:32,55480,1038,1759,-5,147.3,1,8,0
2025-11-06 09:03:33,55515,941,1862,-24,12.17,0,1,0
2025-11-06 09:03:34,55550,1119,1857,-24,347.92,7,-2,0
2025-11-06 09:03:35,55585,1400,1793,-24,313.9,7,-4,0
2025-11-06 09:03:36,55620,1526,1553,-24,269.82,0,-9,0
2025-11-06 09:03:37,55655,1530,1261,-24,260.11,-1,-9,0
2025-11-06 09:03:38,55690,1398,1072,-24,164.88,-6,1,0
2025-11-06 09:03:39,55725,1188,1021,-16,270.31,-3,-7,0
2025-11-06 09:03:40,55760,1193,849,8,343.04,2,-3,0
2025-11-06 09:03:41,55795,1430,815,8,341.72,8,-1,0
2025-11-06 09:03:42,55830,1583,679,8,175.65,0,-1,0
2025-11-06 09:03:43,55865,1517,730,8,137.11,-6,4,0
2025-11-06 09:03:44,55900,1286,808,8,233.31,-7,-5,0
2025-11-06 09:03:45,55935,1122,602,-40,345.06,-3,-7,0
2025-11-06 09:03:46,55970,1274,584,-40,344.75,6,-1,0
2025-11-06 09:03:47,56005,1331,527,-32,241,-2,-4,0
2025-11-06 09:03:48,56040,1310,449,-32,229.75,-1,-1,0
2025-11-06 09:05:01,58607,1301,433,-32,229.09,-1,-1,0
2025-11-06 09:05:09,58883,1168,328,-32,287.09,0,-1,0
2025-11-06 09:05:10,58918,1311,328,-32,353.89,6,-1,0
2025-11-06 09:05:11,58953,1240,332,-32,141.2,-12,2,0
2025-11-06 09:05:12,58988,1233,459,-32,56.82,6,5,0
2025-11-06 09:05:13,59023,1333,565,-32,132.41,-3,5,0
2025-11-06 09:05:14,59058,1061,797,8,162.29,-9,4,0
2025-11-06 09:05:15,59093,1044,847,8,79.67,0,0,0
2025-11-06 09:05:16,59128,1134,975,8,62.09,3,6,0
2025-11-06 09:05:17,59163,1299,1127,-24,16.39,5,0,0
2025-11-06 09:05:18,59198,1517,1344,-24,102.52,-2,13,0
2025-11-06 09:05:19,59233,1416,1575,-24,144.71,-9,0,0
2025-11-06 09:05:20,59268,1372,1575,-24,44.52,2,0,0
2025-11-06 09:05:21,59303,1535,1582,-24,70.88,2,1,0
2025-11-06 09:05:22,59338,1465,1780,-24,199.2,-12,3,0
2025-11-06 09:05:23,59373,1298,1784,-24,164.05,-7,2,0
2025-11-06 09:05:24,59408,848,1792,-24,128.89,-1,2,0
2025-11-06 09:05:25,59443,866,1871,-24,35.73,3,0,0
2025-11-06 09:05:26,59478,1077,1833,-24,323.66,7,-4,0
2025-11-06 09:05:27,59513,1158,1760,-24,200.61,-4,-1,0
2025-11-06 09:05:28,59548,917,1592,0,179.52,-9,0,0
2025-11-06 09:05:29,59583,873,1480,40,341.24,7,-10,0
2025-11-06 09:05:30,59618,1007,1456,48,279.71,0,-1,0
2025-11-06 09:05:32,59673,1116,1308,48,11.12,11,1,0
2025-11-06 09:05:33,59708,1246,1216,48,239.28,-2,-2,0
2025-11-06 09:05:34,59743,1168,1216,48,181.27,-1,-1,0
2025-11-06 09:05:35,59778,1163,1328,48,123.27,-2,6,0
2025-11-06 09:05:36,59813,908,1391,48,191.82,-15,-2,0
2025-11-06 09:05:37,59848,720,1320,48,288.5,0,-1,0
2025-11-06 09:05:38,59883,810,1304,48,4.09,4,0,0
2025-11-06 09:05:39,59918,1066,1399,48,70.88,2,0,0
2025-11-06 09:05:40,59953,1079,1399,48,76.16,0,0,0
2025-11-06 09:05:41,59988,1168,1415,48,95.49,0,0,0
2025-11-06 09:05:42,60023,1128,1415,48,179.87,-1,0,0
2025-11-06 09:05:43,60058,1113,1397,48,183.38,-5,-1,0
2025-11-06 09:05:44,60093,970,1396,48,86.7,-1,0,0
2025-11-06 09:05:45,60131,969,1399,48,86.7,0,0,0
2025-11-06 09:05:46,60166,988,1549,40,86.7,0,13,0
2025-11-06 09:05:47,60201,1076,1939,0,339.48,6,3,13
2025-11-06 09:05:48,60236,1263,1839,-11,323.66,0,-5,0
2025-11-06 09:05:49,60271,1339,1760,-24,302.56,1,-1,0
2025-11-06 09:05:50,60306,1520,1648,-24,272.68,4,-13,0
2025-11-06 09:05:51,60341,1465,1130,-24,184.79,-10,-11,0
2025-11-06 09:05:52,60376,1083,1127,-24,168.97,-6,0,0
2025-11-06 09:05:53,60411,1056,1062,-24,235.77,-1,-2,0
2025-11-06 09:05:54,60446,1094,1032,-24,304.32,3,-1,0
2025-11-06 09:05:55,60481,1230,725,6,325.42,6,-14,0
2025-11-06 09:05:56,60516,1317,476,-32,244.56,-2,-9,0
2025-11-06 09:05:57,60551,1182,328,-32,248.07,-5,-2,0
2025-11-06 09:05:58,60586,1168,352,-32,116.24,-1,4,0
2025-11-06 09:05:59,60621,1188,447,-32,33.62,3,0,0
2025-11-06 09:06:00,60656,1343,509,-32,35.38,0,2,0
2025-11-06 09:06:01,60691,1343,575,-32,335.61,0,-1,0
2025-11-06 09:06:02,60726,1343,499,-32,307.49,0,-1,0
2025-11-06 09:06:06,60830,1992,3488,0,0,10,0,0
2025-11-06 09:06:10,60978,2082,3488,0,2.07,-2,-1,4
2025-11-06 09:06:11,61013,2064,3488,0,351.96,4,0,0
2025-11-06 09:06:12,61048,2113,3499,0,330.07,-5,2,0
2025-11-06 09:06:13,61083,2062,3526,0,341.19,4,-3,0
2025-11-06 09:06:14,61118,2137,3482,0,347.83,-1,-1,0
2025-11-06 09:06:15,61153,2139,3480,0,350.16,-7,1,0
2025-11-06 09:06:16,61192,2128,3488,0,350.82,-1,0,0
2025-11-06 09:06:17,61228,2137,3487,0,357.71,-1,0,0
2025-11-06 09:06:18,61263,2130,3491,0,351.69,-1,0,0
2025-11-06 09:06:20,61301,2118,3493,0,359.78,-1,0,0
2025-11-06 09:06:21,61336,2189,3493,0,359.52,6,-1,0
2025-11-06 09:06:22,61371,2482,3525,-64,82.62,7,5,0
2025-11-06 09:06:23,61406,2421,3564,-64,210.45,-2,-2,0
2025-11-06 09:06:24,61441,2247,3423,-64,111.01,-8,-1,0
2025-11-06 09:06:25,61476,2183,3615,-64,188.13,-2,-1,0
2025-11-06 09:06:26,61511,2195,3586,-64,336.88,5,-3,0
2025-11-06 09:06:27,61546,2319,3363,-64,254.58,-1,-9,0
2025-11-06 09:06:28,61581,2421,3216,-40,356.48,7,-1,0
2025-11-06 09:06:29,61616,2573,3206,0,6.33,2,0,0
2025-11-06 09:06:30,61651,2668,3374,0,99.23,0,4,0
2025-11-06 09:06:31,61686,2668,3391,0,117.29,-1,0,0
2025-11-06 09:06:32,61721,2650,3436,0,110.96,-3,5,0
2025-11-06 09:06:33,61756,2560,3672,0,155.7,-1,3,0
2025-11-06 09:06:34,61791,2523,3705,0,176.26,-1,0,0
2025-11-06 09:06:35,61838,2504,3709,0,168.97,-4,0,0
2025-11-06 09:06:36,61873,2264,3737,0,189.05,-8,0,0
2025-11-06 09:06:37,61908,2052,3709,0,337.85,-2,0,0
2025-11-06 09:06:38,61943,2262,3671,0,353.72,8,-1,0
2025-11-06 09:06:39,61978,2374,3758,0,256.51,1,4,0
2025-11-06 09:06:40,62013,2354,3664,0,256.16,-2,-1,0
2025-11-06 09:06:41,62048,2319,3516,0,256.16,-2,-8,0
2025-11-06 09:06:42,62083,2269,3328,-64,236.47,-1,-1,0
2025-11-06 09:06:43,62118,2271,3335,-64,242.62,0,0,0
2025-11-06 09:06:44,62153,2229,3284,-64,277.16,-2,-2,0
2025-11-06 09:06:45,62188,2193,3156,-64,249.61,-3,-8,0
2025-11-06 09:06:46,62223,2163,3107,-64,80.6,0,4,0
2025-11-06 09:06:47,62258,2259,3344,-64,354.81,7,4,0
2025-11-06 09:06:48,62293,2470,3488,-64,178.2,-2,4,0
2025-11-06 09:06:49,62328,2281,3463,-64,243.02,-6,-6,0
2025-11-06 09:06:50,62363,2149,3334,-64,354.81,-3,0,0
2025-11-06 09:06:51,62398,2335,3251,-64,303.53,0,-4,0
2025-11-06 09:06:52,62433,2524,3230,-8,334.69,7,-1,0
2025-11-06 09:06:53,62468,2659,3160,0,100.24,-1,4,0
2025-11-06 09:06:54,62503,2668,3376,0,346.25,5,1,0
2025-11-06 09:06:57,62628,2800,3324,96,314.47,5,-6,0
2025-11-06 09:06:58,62663,2956,3154,96,323,0,-1,0
2025-11-06 09:06:59,62698,2920,3143,96,49.04,-2,-1,0
2025-11-06 09:07:00,62735,2933,3194,96,82.97,0,0,0
2025-11-06 09:07:01,62770,2935,3230,96,93.82,0,-3,0
2025-11-06 09:07:02,62805,2937,3274,96,81.65,0,2,0
2025-11-06 09:07:03,62840,2966,3362,96,25.88,2,4,0
2025-11-06 09:07:04,62875,3052,3431,96,112.98,0,1,0
2025-11-06 09:07:05,62910,2980,3647,96,299.75,0,1,0
2025-11-06 09:07:06,62945,2984,3650,96,342.07,-1,-1,0
2025-11-06 09:07:07,62980,2971,3634,96,348.88,1,-1,0
2025-11-06 09:07:08,63015,3013,3616,96,273.87,0,-3,0
2025-11-06 09:07:09,63050,2979,3377,96,250.97,-3,-8,0
2025-11-06 09:07:10,63085,3001,3188,96,314.6,5,-4,0
2025-11-06 09:07:11,63120,2980,3196,96,347.34,-6,1,0
2025-11-06 09:07:12,63155,2929,3130,96,282,4,-6,0
2025-11-06 09:07:14,63192,3007,3042,96,20.43,-1,-1,0
2025-11-06 09:07:15,63227,2992,3062,96,331.7,-3,2,0
2025-11-06 09:07:16,63262,2969,3091,96,358.86,1,0,0
2025-11-06 09:07:17,63297,3082,3270,96,111.49,-1,8,0
2025-11-06 09:07:18,63332,2961,3529,96,70.53,-4,4,0
2025-11-06 09:07:19,63368,2929,3568,96,10.33,4,0,0
2025-11-06 09:07:20,63403,3033,3587,96,11.51,0,0,0
2025-11-06 09:07:21,63438,3057,3575,96,346.73,2,-1,0
2025-11-06 09:07:22,63473,3084,3571,96,344.58,0,-1,0
2025-11-06 09:07:24,63558,3080,3521,96,264.81,-1,-7,0
2025-11-06 09:07:25,63593,3020,3232,96,288.46,0,-9,0
2025-11-06 09:07:26,63628,3032,3141,96,15.73,-1,-1,0
2025-11-06 09:07:27,63663,3049,3142,96,16.74,0,0,0
2025-11-06 09:07:28,63698,3060,3146,96,14.68,-1,0,0
2025-11-06 09:07:29,63733,2890,3253,96,178.81,-7,3,0
2025-11-06 09:07:30,63768,2720,3389,6,191.82,0,1,3
2025-11-06 09:07:31,63803,2670,3391,0,87.45,-1,0,0
2025-11-06 09:07:32,63838,2735,3398,0,235.81,0,0,3
2025-11-06 09:07:33,63873,2647,3307,0,226.58,-3,-1,0
2025-11-06 09:07:34,63908,2629,3308,0,40.39,4,3,0
2025-11-06 09:07:35,63944,2687,3347,0,346.25,0,-1,0
2025-11-06 09:07:40,64119,2674,3341,0,346.25,-5,0,0
2025-11-06 09:07:41,64154,2593,3361,0,346.25,-1,0,0
2025-11-06 09:07:49,64426,2687,3347,0,0.53,0,-1,0
2025-11-06 09:07:50,64461,2566,3346,0,0.22,-8,-1,0
2025-11-06 09:07:51,64509,2560,3299,0,262.18,-1,-6,0
2025-11-06 09:07:52,64544,2536,3177,0,72.47,-1,-3,0
2025-11-06 09:07:53,64579,2621,3304,0,39.07,5,6,0
2025-11-06 09:07:54,64614,2735,3379,0,329.15,-1,0,3
2025-11-06 09:07:55,64649,2734,3380,96,327.48,0,-1,3
2025-11-06 09:07:56,64684,2814,3333,96,291.84,3,-6,0
2025-11-06 09:07:57,64719,2948,3179,96,343.7,4,-3,0
2025-11-06 09:07:58,64754,3089,3103,96,128.72,-2,2,0
2025-11-06 09:07:59,64789,3136,3065,61,343.12,5,-4,0
2025-11-06 09:08:00,64824,3231,3050,0,81.34,0,-1,0
2025-11-06 09:08:01,64859,3235,3034,0,91.65,0,-1,0
2025-11-06 09:08:09,65091,-99,842,56,93.96,-1,6,0
2025-11-06 09:08:10,65126,-108,1032,16,89.69,-1,1,0
2025-11-06 09:08:11,65161,-105,1052,24,66.31,0,0,0
2025-11-06 09:08:12,65205,-42,1130,32,341.85,6,0,0
2025-11-06 09:08:13,65240,179,1055,8,269.12,2,-2,0
2025-11-06 09:08:14,65275,129,939,8,166.16,-5,-1,0
2025-11-06 09:08:15,65310,9,1009,8,98.35,-2,6,0
2025-11-06 09:08:16,65345,-47,1305,56,93.03,-2,7,0
2025-11-06 09:08:17,65380,-28,1376,56,87.36,0,0,0
2025-11-06 09:08:18,65415,-19,1466,56,93.65,0,-1,0
2025-11-06 09:08:19,65453,-26,1566,56,22.59,-1,1,0
2025-11-06 09:08:20,65488,42,1583,56,353.01,0,0,0
2025-11-06 09:08:22,65537,28,1582,56,9.84,-5,-1,0
2025-11-06 09:08:23,65572,-83,1562,56,11.16,1,0,0
2025-11-06 09:08:24,65607,38,1570,56,0.09,5,-1,0
2025-11-06 09:08:25,65642,151,1569,56,355.43,0,-1,0
2025-11-06 09:08:26,65677,196,1563,56,10.33,0,-1,0
2025-11-06 09:08:27,65740,360,1548,56,346.82,5,-3,0
2025-11-06 09:08:28,65775,431,1541,56,5.93,0,-1,0
2025-11-06 09:08:29,65810,498,1571,56,328.84,6,-1,0
2025-11-06 09:08:30,65845,668,1547,56,101.16,1,5,0
2025-11-06 09:08:31,65880,588,1702,56,295.09,-3,-4,0
2025-11-06 09:08:32,65915,538,1585,56,187.65,-3,-2,0
2025-11-06 09:08:33,65950,395,1488,56,271.27,-2,-8,0
2025-11-06 09:08:34,65985,404,1212,56,272.68,0,-10,0
2025-11-06 09:08:35,66020,422,953,56,250.97,-1,-6,0
2025-11-06 09:08:36,66055,414,810,40,64.51,2,2,0
2025-11-06 09:08:37,66090,425,958,56,98.61,-2,4,0
2025-11-06 09:08:38,66125,385,1206,56,98.04,-2,8,0
2025-11-06 09:08:39,66160,356,1487,56,74.22,0,9,0
2025-11-06 09:08:40,66195,423,1631,56,163.17,-5,1,0
2025-11-06 09:08:41,66230,245,1644,56,106.7,-3,-1,0
2025-11-06 09:08:42,66265,206,1723,56,98.35,-2,7,0
2025-11-06 09:08:44,66308,193,1776,56,86.62,0,1,0
2025-11-06 09:08:45,66343,221,1986,48,81.47,0,1,0
2025-11-06 09:08:46,66378,217,2007,48,109.91,0,-3,0
2025-11-06 09:08:47,66413,228,1980,48,111.23,0,-1,0
2025-11-06 09:08:48,66458,224,2064,48,72.95,-1,1,0
2025-11-06 09:08:49,66498,223,2072,48,59.63,0,0,0
2025-11-06 09:08:50,66539,207,2170,48,99.93,-2,7,0
2025-11-06 09:08:51,66574,160,2349,48,110.08,-3,6,0
2025-11-06 09:08:52,66609,151,2395,48,319.48,0,-1,0
2025-11-06 09:08:53,66644,193,2350,48,27.2,-1,-1,0
2025-11-06 09:08:54,66687,144,2355,48,23.2,-1,-1,0
2025-11-06 09:08:56,66729,144,2343,48,37.53,-1,-1,0
2025-11-06 09:08:57,66764,240,2287,48,359.96,1,-2,0
2025-11-06 09:08:58,66799,376,2331,48,133.37,-2,4,0
2025-11-06 09:08:59,66834,199,2428,48,182.99,-4,0,0
2025-11-06 09:09:00,66869,171,2436,48,192.66,-4,-1,0
2025-11-06 09:09:01,66904,-55,2366,48,261.87,-5,-6,0
2025-11-06 09:09:02,66939,-110,2270,48,2.24,2,-1,0
2025-11-06 09:09:03,66974,24,2270,48,358.81,0,0,3
2025-11-06 09:09:04,67009,178,2311,48,47.15,5,4,0
2025-11-06 09:09:05,67044,293,2443,48,341.72,3,-1,0
2025-11-06 09:09:06,67079,489,2293,48,233.7,0,-8,0
2025-11-06 09:09:07,67114,338,2071,48,156.05,-7,0,0
2025-11-06 09:09:08,67149,211,1924,48,256.42,-2,-9,0
2025-11-06 09:09:09,67184,172,1640,56,183.03,-3,-7,0
2025-11-06 09:09:10,67219,-47,1577,56,263.89,-6,-5,0
2025-11-06 09:09:11,67254,-94,1333,56,274.22,0,-9,0
2025-11-06 09:09:12,67289,-113,1188,40,329.28,4,-2,0
2025-11-06 09:09:13,67324,103,1060,8,181.23,4,-3,0
2025-11-06 09:09:14,67359,37,1125,16,119.84,-5,6,0
2025-11-06 09:09:15,67394,-81,1367,56,102.7,-2,7,0
2025-11-06 09:09:16,67429,20,1589,56,18.06,7,3,0
2025-11-06 09:09:17,67464,147,1649,56,17.75,-1,0,0
2025-11-06 09:09:18,67507,178,1637,56,339.87,5,-2,0
2025-11-06 09:09:19,67542,374,1558,56,272.99,1,-1,0
2025-11-06 09:09:20,67577,402,1343,56,269.3,0,-9,0
2025-11-06 09:09:21,67612,401,1053,56,269.3,-1,-9,0
2025-11-06 09:09:22,67647,400,888,42,269.3,-1,-6,0
2025-11-06 09:09:23,67682,205,641,40,176.92,0,0,0
2025-11-06 09:09:24,67717,201,652,40,166.29,1,-1,0
2025-11-06 09:09:25,67752,194,656,40,167.3,-6,1,0
2025-11-06 09:09:26,67787,99,674,40,359.6,1,-2,5
2025-11-06 09:09:27,67822,305,633,40,326.07,7,-4,0
2025-11-06 09:09:28,67857,565,491,40,327.88,7,-5,0
2025-11-06 09:09:29,67892,606,502,40,81.04,-1,2,0
2025-11-06 09:09:30,67927,605,537,40,43.64,-1,0,0
2025-11-06 09:09:31,67962,577,542,40,121.25,-3,4,0
2025-11-06 09:09:32,67997,596,683,40,3.82,5,1,0
2025-11-06 09:09:33,68032,842,657,56,344.71,2,-1,0
2025-11-06 09:09:34,68067,833,661,56,345.54,0,-1,0
2025-11-06 09:09:35,68102,690,696,56,351.78,-4,0,0
2025-11-06 09:09:36,68137,457,732,40,351.43,-9,1,0
2025-11-06 09:09:37,68172,555,704,40,343.21,7,-3,0
2025-11-06 09:09:38,68207,528,698,40,350.33,3,-1,0
2025-11-06 09:09:39,68242,655,677,40,7.08,0,-1,0
2025-11-06 09:09:40,68277,716,670,56,327.96,0,0,0
2025-11-06 09:09:41,68312,695,688,56,339.74,-1,0,0
2025-11-06 09:09:42,68347,873,623,56,318.3,7,-4,0
2025-11-06 09:09:43,68382,1034,489,40,302.48,2,-6,0
2025-11-06 09:09:44,68417,960,471,40,43.02,-1,0,0
2025-11-06 09:09:45,68452,1044,568,40,97.95,2,7,0
2025-11-06 09:09:46,68487,1115,841,40,9.71,7,4,0
2025-11-06 09:09:47,68522,1101,872,40,353.54,1,-1,0
2025-11-06 09:09:48,68557,1110,872,40,353.98,-1,0,0
2025-11-06 09:09:49,68607,1103,875,40,321.24,-3,1,0
2025-11-06 09:09:50,68642,993,887,40,191.43,-7,-2,0
2025-11-06 09:09:51,68677,723,826,56,194.33,-9,-3,0
2025-11-06 09:09:52,68712,474,773,40,83.94,-4,2,0
2025-11-06 09:09:53,68747,532,935,40,275.62,3,-4,0
2025-11-06 09:09:54,68782,562,721,40,351.65,4,-6,0
2025-11-06 09:09:55,68817,822,664,56,0.92,8,-1,0
2025-11-06 09:09:56,68852,1029,769,40,108.33,-1,7,0
2025-11-06 09:09:57,68887,992,996,40,71.1,-1,2,0
2025-11-06 09:10:01,68998,999,1050,40,83.1,0,3,0
2025-11-06 09:10:02,69033,1007,1066,40,19.6,0,0,0
2025-11-06 09:10:03,69068,1050,1098,40,192.92,-4,-1,0
2025-11-06 09:10:04,69103,949,1172,40,37.09,5,4,0
2025-11-06 09:10:09,69211,1104,1946,0,269.96,0,-5,13
2025-11-06 09:10:10,69246,1065,1804,-24,243.76,-3,-7,0
2025-11-06 09:10:11,69281,857,1610,16,244.95,-9,-7,0
2025-11-06 09:10:12,69316,854,1538,40,322.43,0,-1,0
2025-11-06 09:10:13,69352,848,1542,40,1.8,0,0,0
2025-11-06 09:10:14,69387,941,1549,40,10.24,1,0,0
2025-11-06 09:10:15,69422,1071,1570,40,7.69,2,0,0
2025-11-06 09:10:16,69457,1145,1571,40,287.93,3,0,0
2025-11-06 09:10:17,69492,1081,1531,40,202.85,-7,-3,0
2025-11-06 09:10:18,69527,976,1459,48,281.51,0,-1,0
2025-11-06 09:10:20,69593,976,1459,48,304.94,-1,0,0
2025-11-06 09:10:21,69629,976,1474,48,276.5,-1,0,0
2025-11-06 09:10:22,69664,935,1353,48,178.15,-7,-3,0
2025-11-06 09:10:23,69699,720,1398,48,11.78,-1,0,0
2025-11-06 09:10:24,69734,883,1382,48,352.49,7,-1,0
2025-11-06 09:10:25,69769,1165,1346,48,280.9,5,-1,0
2025-11-06 09:10:26,69804,1222,1303,48,264.07,0,-1,0
2025-11-06 09:10:27,69839,1225,1313,48,270.62,0,0,0
2025-11-06 09:10:28,69874,1224,1284,48,266.44,-1,-7,0
2025-11-06 09:10:29,69928,1247,1245,48,197.67,0,1,0
2025-11-06 09:10:30,69963,1145,1309,48,174.2,-5,0,0
2025-11-06 09:10:31,69998,1030,1399,48,111.53,-1,0,0
2025-11-06 09:10:32,70033,1009,1399,48,111.14,-1,0,0
2025-11-06 09:10:33,70068,993,1415,48,110.96,-1,0,0
2025-11-06 09:10:34,70103,963,1344,48,47.81,-1,-2,0
2025-11-06 09:10:35,70138,958,1336,48,65.26,0,1,0
2025-11-06 09:10:36,70173,985,1415,48,76.11,0,0,0
2025-11-06 09:10:37,70219,994,1516,40,87.32,0,7,0
2025-11-06 09:10:38,70254,1095,1792,-24,22.46,4,8,0
2025-11-06 09:10:39,70289,1385,1826,-24,344.14,8,-3,0
2025-11-06 09:10:40,70324,1439,1789,-24,319.92,0,-1,0
2025-11-06 09:10:41,70359,1503,1594,-24,319.31,2,-9,0
2025-11-06 09:10:42,70394,1562,1265,-24,150.42,1,-3,0
2025-11-06 09:10:43,70429,1502,1272,-24,22.15,-1,0,0
2025-11-06 09:10:44,70464,1583,1263,-24,12.26,0,0,0
2025-11-06 09:10:45,70499,1649,1319,-16,271.19,2,-4,0
2025-11-06 09:10:46,70534,1697,1270,-24,145.94,1,-2,0
2025-11-06 09:10:47,70569,1697,1273,-24,140.8,0,-1,0
2025-11-06 09:10:48,70604,1641,1313,-16,201.18,-5,2,0
2025-11-06 09:10:49,70639,1597,1341,-16,241.22,-1,0,0
2025-11-06 09:10:50,70674,1542,1488,-24,115,-3,6,0
2025-11-06 09:10:51,70709,1390,1575,-24,173.67,-4,-1,0
2025-11-06 09:10:52,70744,1388,1565,-24,344.71,0,-1,0
2025-11-06 09:10:54,70785,1486,1544,-24,255.54,1,0,0
2025-11-06 09:10:55,70820,1498,1503,-24,273.65,0,-6,0
2025-11-06 09:10:56,70855,1508,1245,-24,226.49,-2,-9,0
2025-11-06 09:10:57,70890,1384,1107,-24,189.89,-8,-3,0
2025-11-06 09:10:58,70925,1274,1032,-24,299.53,1,-1,0
2025-11-06 09:10:59,70985,1285,1033,-24,279.45,0,-1,0
2025-11-06 09:11:00,71021,1301,1032,-24,256.64,-3,0,0
2025-11-06 09:11:01,71059,1274,1032,-24,271.71,0,-1,0
2025-11-06 09:11:03,71110,1282,1040,-24,9.84,3,0,0
2025-11-06 09:11:04,71145,1512,1121,-24,73.12,4,6,0
2025-11-06 09:11:05,71180,1611,1299,-16,7.21,5,1,0
2025-11-06 09:11:06,71215,1716,1234,-34,274.31,2,-3,0
2025-11-06 09:11:07,71250,1745,1240,-40,261.61,0,0,0
2025-11-06 09:11:08,71285,1745,1238,-40,261.91,-1,-1,0
2025-11-06 09:11:09,71320,1740,1200,-40,268.68,-1,-1,14
2025-11-06 09:11:10,71364,1685,1016,-40,232.29,-5,-7,0
2025-11-06 09:11:11,71399,1699,904,-40,23.64,0,0,0
2025-11-06 09:11:12,71434,1868,963,-40,34.89,7,2,0
2025-11-06 09:11:13,71469,1913,968,-40,75.94,-1,-2,0
2025-11-06 09:11:14,71504,1921,1029,-40,84.81,0,6,0
2025-11-06 09:11:15,71539,1983,1154,-40,253.52,-1,-3,0
2025-11-06 09:11:16,71574,1901,951,-40,169.28,-7,-3,0
2025-11-06 09:11:17,71609,1734,1090,-40,85.91,-2,8,0
2025-11-06 09:11:18,71646,1722,1231,-40,132.76,-3,5,0
2025-11-06 09:11:19,71681,1526,1312,-24,259.32,-5,-6,0
2025-11-06 09:11:20,71716,1454,1148,-24,184.92,-7,-4,0
2025-11-06 09:11:21,71751,1185,1068,-24,252.47,-7,-6,0
2025-11-06 09:11:22,71786,1249,855,8,328.67,6,-5,0
2025-11-06 09:11:23,71821,1406,813,8,265.39,1,4,0
2025-11-06 09:11:24,71859,1417,869,8,266.26,-1,-3,0
2025-11-06 09:11:25,71894,1400,703,-6,242.97,-3,-9,0
2025-11-06 09:11:26,71929,1320,520,-32,251.1,-1,-5,0
2025-11-06 09:11:27,71964,1333,488,-32,250.36,0,0,0
2025-11-06 09:11:28,71999,1343,533,-32,252.99,0,3,0
2025-11-06 09:11:29,72034,1323,591,-40,254.27,-3,-8,0
2025-11-06 09:11:30,72069,1287,584,-40,304.15,1,-1,0
2025-11-06 09:11:31,72104,1333,464,-32,245.92,-1,-6,0
2025-11-06 09:11:32,72139,1331,433,-32,259.5,-2,-3,0
2025-11-06 09:11:33,72174,1314,429,-32,269.03,0,5,0
2025-11-06 09:11:34,72209,1304,464,-32,196.83,-7,-6,0
2025-11-06 09:11:35,72244,1235,462,-32,30.72,2,4,0
2025-11-06 09:11:36,72279,1343,518,-32,65.04,0,3,0
2025-11-06 09:11:37,72314,1410,648,-40,257.3,3,-5,0
2025-11-06 09:11:38,72349,1408,418,-40,259.23,-2,-8,0
2025-11-06 09:11:39,72384,1431,288,-40,179.87,2,-1,0
2025-11-06 09:11:40,72419,1392,264,-40,219.29,-1,-3,0
2025-11-06 09:11:41,72454,1392,266,-40,83.36,0,5,0
2025-11-06 09:11:42,72489,1446,524,-40,147.79,-2,7,0
2025-11-06 09:11:43,72524,1231,595,-40,152.84,-9,0,0
2025-11-06 09:11:44,72559,1198,785,8,6.94,6,3,0
2025-11-06 09:11:45,72594,1456,795,8,295.05,6,-4,0
2025-11-06 09:11:46,72629,1531,647,8,217.44,2,1,0
2025-11-06 09:11:47,72664,1580,579,8,257.08,0,-8,0
2025-11-06 09:11:48,72699,1515,308,8,257.34,-3,-10,0
2025-11-06 09:11:49,72734,1501,190,8,73.21,0,2,0
2025-11-06 09:11:50,72769,1577,386,8,68.29,2,7,0
2025-11-06 09:11:51,72804,1583,564,8,85.17,0,6,0
2025-11-06 09:11:52,72839,1560,811,8,186.33,-4,4,0
2025-11-06 09:11:53,72874,1314,862,8,158.91,-9,2,0
2025-11-06 09:11:54,72909,1220,919,8,239.28,-1,0,0
2025-11-06 09:11:55,72944,1164,808,8,247.1,-1,-1,0
2025-11-06 09:11:57,73001,1164,808,8,247.41,0,2,0
2025-11-06 09:11:58,73036,1162,861,8,76.42,0,5,0
2025-11-06 09:11:59,73071,1154,842,8,85.03,-1,0,0
2025-11-06 09:12:00,73106,1208,1015,16,102.48,1,0,0
2025-11-06 09:12:01,73141,1091,1080,-24,179.21,-6,1,0
2025-11-06 09:12:02,73178,1057,1085,-24,208.43,0,-1,0
2025-11-06 09:12:03,73218,1174,1118,-24,349.1,7,-1,0
2025-11-06 09:12:04,73253,1420,1075,-24,62.93,6,3,0
2025-11-06 09:12:05,73288,1555,1289,-24,4.09,6,5,0
2025-11-06 09:12:06,73323,1783,1254,-40,245.92,0,-2,0
2025-11-06 09:12:07,73358,1777,1247,-40,244.42,-2,-4,0
2025-11-06 09:12:08,73394,1754,1196,-40,245.04,-3,-6,0
2025-11-06 09:12:09,73429,1772,1016,-40,320.71,5,-6,0
2025-11-06 09:12:10,73464,1916,958,-40,113.82,1,-3,0
2025-11-06 09:12:11,73499,1796,977,-40,133.86,-8,4,0
2025-11-06 09:12:12,73534,1705,1222,-40,96.64,1,8,0
2025-11-06 09:12:13,73569,1595,1383,-16,140.45,-5,0,0
2025-11-06 09:12:14,73604,1519,1539,-24,106.35,-1,2,0
2025-11-06 09:12:15,73639,1488,1670,-24,105.34,-1,3,0
2025-11-06 09:12:16,73674,1413,1771,-24,155.87,-5,3,0
2025-11-06 09:12:17,73709,1215,1871,-24,155.87,-4,0,0
2025-11-06 09:12:18,73744,1005,1902,16,148.18,-8,3,0
2025-11-06 09:12:19,73779,850,2012,0,338.69,2,-1,13
2025-11-06 09:12:20,73814,1054,1880,-9,301.09,2,-4,0
2025-11-06 09:12:21,73849,1097,1827,-24,296.34,0,-1,0
2025-11-06 09:13:41,76621,-92,767,56,98.53,0,-1,0
2025-11-06 09:13:42,76656,-95,802,56,96.72,-1,4,0
2025-11-06 09:13:43,76691,-112,983,8,89.43,-1,1,0
2025-11-06 09:13:44,76726,-111,1012,16,91.89,0,0,0
2025-11-06 09:13:45,76761,-107,1025,16,70.18,0,0,0
2025-11-06 09:13:46,76796,-99,1040,24,63.24,2,4,0
2025-11-06 09:13:47,76831,-43,1301,56,101.43,0,3,0
2025-11-06 09:13:49,76874,-41,1355,56,90.48,-1,5,0
2025-11-06 09:13:50,76909,-31,1499,56,79.58,1,6,0
2025-11-06 09:13:51,76944,-24,1542,56,90.48,-1,-1,0
2025-11-06 09:13:52,76979,-28,1526,56,74.75,-1,-1,0
2025-11-06 09:13:53,77014,26,1600,56,4.13,6,2,0
2025-11-06 09:13:54,77049,146,1631,56,3.69,1,0,0
2025-11-06 09:13:55,77084,304,1606,56,312.28,2,-1,0
2025-11-06 09:13:56,77119,386,1557,56,233.57,0,-1,0
2025-11-06 09:13:57,77157,394,1562,56,263.23,0,0,0
2025-11-06 09:13:58,77192,380,1424,56,266.48,-1,-8,0
2025-11-06 09:13:59,77227,365,1173,56,66.27,1,0,0
2025-11-06 09:14:00,77262,379,1385,56,92.33,-1,8,0
2025-11-06 09:14:01,77297,467,1618,56,267.89,4,-1,0
2025-11-06 09:14:02,77332,566,1528,56,314.47,4,-4,0
2025-11-06 09:14:03,77367,666,1626,56,153.85,-5,6,0
2025-11-06 09:14:04,77402,453,1604,56,195.25,-8,-4,0
2025-11-06 09:14:05,77437,180,1702,56,88.59,-6,8,0
2025-11-06 09:14:06,77472,145,1749,56,93.91,-1,-3,0
2025-11-06 09:14:07,77507,228,1886,48,77.61,4,11,0
2025-11-06 09:14:08,77542,283,2044,48,78.79,0,2,0
2025-11-06 09:14:09,77577,256,2155,48,134.6,-5,4,0
2025-11-06 09:14:10,77612,202,2213,48,118.48,-3,2,0
2025-11-06 09:14:11,77647,144,2393,48,186.72,-1,0,0
2025-11-06 09:14:12,77682,239,2385,48,180.92,0,-1,0
2025-11-06 09:14:13,77717,192,2392,48,172.13,-6,1,0
2025-11-06 09:14:14,77752,131,2484,48,145.42,-4,5,0
2025-11-06 09:14:15,77787,-28,2463,48,327,-3,2,0
2025-11-06 09:14:16,77822,-91,2492,48,294.39,3,-6,0
2025-11-06 09:14:17,77857,-52,2412,48,325.46,-4,4,0
2025-11-06 09:14:18,77892,94,2472,48,333.81,7,-3,0
2025-11-06 09:14:19,77927,209,2383,48,284.33,2,-7,0
2025-11-06 09:14:20,77962,238,2289,48,288.02,0,-1,0
2025-11-06 09:14:21,77998,238,2288,48,291.49,0,-1,0
2025-11-06 09:14:23,78060,239,2231,48,342.6,-1,-4,0
2025-11-06 09:14:24,78095,371,2223,48,28.56,7,0,0
2025-11-06 09:14:25,78130,510,2413,48,73.52,2,7,0
2025-11-06 09:14:26,78165,558,2663,48,191.29,-5,3,0
2025-11-06 09:14:27,78200,461,2586,48,211.64,-5,-6,0
2025-11-06 09:14:28,78235,242,2448,48,203.29,-4,-1,0
2025-11-06 09:14:29,78270,145,2405,48,201.93,-1,-1,0
2025-11-06 09:14:30,78305,135,2402,63,188.26,-4,-1,0
2025-11-06 09:14:31,78340,4,2279,48,354.24,3,-5,3
2025-11-06 09:14:32,78375,259,2250,48,25.71,9,2,3
2025-11-06 09:14:33,78410,376,2426,48,190.24,-6,2,3
2025-11-06 09:14:34,78445,166,2312,48,243.81,-4,-8,0
2025-11-06 09:14:35,78480,139,2065,48,302.96,3,-7,0
2025-11-06 09:14:36,78515,204,1793,56,249.21,-2,-9,0
2025-11-06 09:14:37,78550,91,1558,56,160.44,-7,-2,0
2025-11-06 09:14:38,78585,-105,1516,56,264.99,-3,-7,0
2025-11-06 09:14:39,78620,-96,1243,51,284.77,0,-9,0
2025-11-06 09:14:40,78655,21,973,8,92.42,0,-3,0
2025-11-06 09:14:41,78690,65,1052,8,319.26,3,-3,0
2025-11-06 09:14:42,78725,64,1129,8,132.1,-5,2,0
2025-11-06 09:14:43,78760,-58,1358,56,96.64,-3,9,0
2025-11-06 09:14:44,78795,-22,1573,56,1.8,6,1,0
2025-11-06 09:14:45,78830,252,1593,56,357.28,8,0,0
2025-11-06 09:14:46,78865,545,1582,56,356.57,8,-1,0
2025-11-06 09:14:47,78900,570,1638,56,191.91,-7,-1,0
2025-11-06 09:14:48,78935,442,1552,56,260.73,-2,-1,0
2025-11-06 09:14:49,78970,421,1417,56,269.52,-1,-8,0
2025-11-06 09:14:50,79005,418,1132,56,269.52,-1,-9,0
2025-11-06 09:14:51,79040,345,861,40,219.29,-6,-7,0
2025-11-06 09:14:52,79075,215,697,40,219.29,-1,-2,0
2025-11-06 09:14:53,79110,222,685,40,189.36,0,0,0
2025-11-06 09:14:54,79145,206,684,40,187.91,0,0,0
2025-11-06 09:14:55,79180,131,661,40,188.66,-7,-2,5
2025-11-06 09:14:56,79215,121,673,72,348.27,2,-1,5
2025-11-06 09:14:57,79250,188,657,152,348.57,0,-1,0
2025-11-06 09:14:58,79285,289,621,40,336.27,5,-3,0
2025-11-06 09:14:59,79320,545,545,40,18.41,8,0,0
2025-11-06 09:15:00,79355,653,593,40,13.4,5,2,0
2025-11-06 09:15:01,79390,787,635,56,359.03,-1,0,0
2025-11-06 09:15:02,79438,778,638,56,1.14,-1,-1,0
2025-11-06 09:15:03,79479,804,637,56,351.78,1,-1,0
2025-11-06 09:15:04,79514,806,629,72,333.46,-1,-1,0
2025-11-06 09:15:05,79549,759,616,72,3.52,-2,-1,0
2025-11-06 09:15:06,79584,871,625,67,340.62,2,0,0
2025-11-06 09:15:07,79619,884,645,56,320.27,1,-2,0
2025-11-06 09:15:08,79654,1051,564,40,68.86,3,-1,0
2025-11-06 09:15:09,79689,1086,739,40,93.69,-1,7,0
2025-11-06 09:15:10,79724,1134,861,40,3.96,-1,0,0
2025-11-06 09:15:11,79759,1103,859,40,355.87,-1,-1,0
2025-11-06 09:15:12,79798,1092,859,40,356.26,0,-1,0
2025-11-06 09:15:13,79833,1066,860,40,332.71,0,-1,0
2025-11-06 09:15:14,79868,1077,759,40,179.91,-1,-2,0
2025-11-06 09:15:15,79903,976,696,40,201.36,-1,-3,0
2025-11-06 09:15:16,79938,821,583,72,263.06,-4,-7,0
2025-11-06 09:15:17,79973,750,531,72,98.17,-3,2,0
2025-11-06 09:15:18,80008,658,752,56,164.36,-7,4,0
2025-11-06 09:15:19,80043,410,893,40,93.87,-6,5,0
2025-11-06 09:15:20,80078,362,1149,56,78.35,1,7,0
2025-11-06 09:15:21,80113,408,1436,56,111.58,-1,8,0
2025-11-06 09:15:22,80148,233,1643,56,113.51,-7,3,0
2025-11-06 09:15:23,80183,212,1876,48,73.43,2,8,0
2025-11-06 09:15:24,80218,301,2156,48,64.95,3,7,0
2025-11-06 09:15:25,80253,422,2421,48,64.95,3,7,0
2025-11-06 09:15:26,80288,524,2666,48,302.26,-1,3,0
2025-11-06 09:15:27,80326,447,2534,48,193.71,-8,-4,0
2025-11-06 09:15:28,80361,219,2375,48,248.99,-4,-8,0
2025-11-06 09:15:29,80396,156,2091,48,274.92,0,-9,0
2025-11-06 09:15:30,80431,177,1800,56,274.92,0,-9,0
2025-11-06 09:15:31,80466,107,1590,56,169.19,-6,-2,0
2025-11-06 09:15:32,80501,-76,1461,56,272.86,-2,-8,0
2025-11-06 09:15:33,80536,-77,1172,40,272.68,0,-10,0
2025-11-06 09:15:34,80571,-86,956,16,88.73,-3,3,0
2025-11-06 09:15:35,80606,-102,1196,40,86.04,0,8,0
2025-11-06 09:15:36,80641,-69,1479,56,55.42,2,7,0
2025-11-06 09:15:37,80676,138,1613,56,355.25,7,0,0
2025-11-06 09:15:38,80711,351,1535,56,282.96,2,-7,0
2025-11-06 09:15:39,80746,381,1272,56,266.26,-1,-9,0
2025-11-06 09:15:40,80781,365,976,56,282.66,0,-10,0
2025-11-06 09:15:41,80816,581,788,56,354.46,8,-2,0
2025-11-06 09:15:42,80851,875,807,40,47.33,8,3,0
2025-11-06 09:15:43,80886,996,1031,40,84.38,0,-1,0
2025-11-06 09:15:44,80921,998,1048,40,87.36,0,4,0
2025-11-06 09:15:45,80956,954,1165,40,296.32,-3,0,0
2025-11-06 09:15:46,80991,1045,1095,40,42.19,-4,-1,0
2025-11-06 09:15:47,81026,961,1089,40,169.01,-7,1,0
2025-11-06 09:15:48,81061,970,1091,40,299.27,4,-2,0
2025-11-06 09:15:49,81096,956,884,40,200.96,-5,-7,0
2025-11-06 09:15:50,81131,727,745,56,200.26,-5,-2,0
2025-11-06 09:15:51,81166,689,716,56,342.51,0,-1,0
2025-11-06 09:15:52,81201,879,746,40,53.35,0,2,0
2025-11-06 09:15:53,81236,960,927,40,56.51,4,6,0
2025-11-06 09:15:54,81271,1002,1028,40,93.69,0,-1,0
2025-11-06 09:15:55,81309,997,1114,40,93.34,-1,7,0
2025-11-06 09:15:56,81344,976,1197,40,199.42,-3,-1,0
2025-11-06 09:15:57,81379,983,1121,40,359.3,0,-1,0
2025-11-06 09:15:59,81420,1071,1132,40,143.7,-1,0,0
2025-11-06 09:19:08,87989,1103,2003,0,257.34,0,1,13
2025-11-06 09:19:09,88024,1103,2016,0,260.6,0,0,13
2025-11-06 09:19:11,88070,1087,1897,0,269.52,-1,-8,0
2025-11-06 09:19:12,88105,962,1657,0,191.78,-8,-4,0
2025-11-06 09:19:13,88140,850,1549,32,315.88,0,-2,0
2025-11-06 09:19:14,88176,855,1541,40,6.06,2,0,0
2025-11-06 09:19:15,88211,930,1548,40,5.14,1,0,0
2025-11-06 09:19:16,88246,1082,1562,40,357.5,0,0,0
2025-11-06 09:19:17,88281,1148,1489,40,337.59,5,-6,0
2025-11-06 09:19:18,88316,1273,1516,40,215.02,-2,-1,0
2025-11-06 09:19:19,88351,1053,1512,40,231.99,-9,-4,0
2025-11-06 09:19:20,88386,976,1457,48,298.04,-1,0,0
2025-11-06 09:19:21,88422,976,1467,48,312.54,-1,0,0
2025-11-06 09:19:22,88457,976,1479,48,290.43,0,0,0
2025-11-06 09:19:23,88505,993,1444,48,300.63,2,-6,0
2025-11-06 09:19:24,88540,1006,1402,48,193.23,0,1,0
2025-11-06 09:19:25,88575,967,1385,48,214.23,-4,-4,0
2025-11-06 09:19:26,88610,752,1384,48,213.66,-8,0,0
2025-11-06 09:19:27,88645,785,1335,48,337.5,6,-3,0
2025-11-06 09:19:28,88680,1065,1332,48,19.42,8,2,0
2025-11-06 09:19:29,88715,1263,1372,48,242.4,-1,-2,0
2025-11-06 09:19:30,88750,1240,1321,48,257.87,0,0,0
2025-11-06 09:19:31,88785,1219,1223,48,254.44,-1,-3,0
2025-11-06 09:19:32,88820,1203,1218,48,244.56,-2,0,0
2025-11-06 09:19:33,88855,1246,1230,48,102.08,0,3,0
2025-11-06 09:19:34,88890,1088,1399,48,183.69,-9,-1,0
2025-11-06 09:19:35,88925,805,1347,48,258.57,-4,-3,0
2025-11-06 09:19:36,88960,767,1316,48,273.65,-1,-1,0
2025-11-06 09:19:37,88996,766,1315,48,277.73,-1,0,0
2025-11-06 09:19:38,89035,769,1317,48,333.5,2,-2,0
2025-11-06 09:19:39,89070,975,1378,48,38.54,6,4,0
2025-11-06 09:19:40,89105,1007,1403,48,103.23,-1,-1,0
2025-11-06 09:19:41,89140,993,1460,48,103.58,-1,2,0
2025-11-06 09:19:42,89175,1002,1544,40,78.22,1,6,0
2025-11-06 09:19:43,89210,1056,1779,-24,2.81,1,4,0
2025-11-06 09:19:44,89245,1200,1829,-24,2.42,8,0,0
2025-11-06 09:19:45,89280,1386,1837,-24,312.58,0,1,0
2025-11-06 09:19:46,89315,1489,1734,-24,282.39,3,-7,0
2025-11-06 09:19:47,89350,1529,1595,-24,199.03,-3,-2,0
2025-11-06 09:19:48,89385,1443,1557,-24,188.88,-6,-2,0
2025-11-06 09:19:49,89422,1381,1566,-24,335.13,5,-3,0
2025-11-06 09:19:50,89457,1499,1533,-24,266.66,0,-1,0
2025-11-06 09:19:51,89492,1502,1490,-24,267.58,0,-1,0
2025-11-06 09:19:52,89527,1498,1365,-24,276.33,0,-4,0
2025-11-06 09:19:53,89562,1510,1185,-24,259.32,0,-2,0
2025-11-06 09:19:54,89597,1347,1063,-24,216.04,-6,-4,0
2025-11-06 09:19:55,89632,1360,1086,-24,190.37,-1,0,0
2025-11-06 09:19:56,89667,1334,1051,-24,238.23,-2,-2,0
2025-11-06 09:19:57,89702,1373,1131,-24,244.95,0,0,0
2025-11-06 09:19:58,89737,1356,1115,-24,249.96,-1,0,0
2025-11-06 09:19:59,89772,1336,1048,-24,270.35,-1,0,0
2025-11-06 09:20:00,89807,1301,1035,-24,197.01,-6,-3,0
2025-11-06 09:20:01,89842,1107,1012,-8,275.36,-3,-2,0
2025-11-06 09:20:02,89877,1090,812,8,266.26,-1,-6,0
2025-11-06 09:20:03,89912,1066,761,8,268.07,-1,-1,0
2025-11-06 09:20:04,89952,1040,777,8,349.32,-1,0,0
2025-11-06 09:20:05,89987,1103,781,8,336.53,1,0,0
2025-11-06 09:20:06,90022,1194,770,8,346.77,7,-2,0
2025-11-06 09:20:07,90057,1371,737,-19,343.7,6,-2,0
2025-11-06 09:20:08,90094,1451,675,-40,214.89,-3,-6,0
2025-11-06 09:20:09,90129,1320,552,-32,254.09,-1,-5,0
2025-11-06 09:20:10,90164,1321,483,-32,254.62,0,0,0
2025-11-06 09:20:12,90213,1343,572,-32,254.62,0,5,0
2025-11-06 09:20:13,90248,1343,645,-40,266.62,-1,-1,0
2025-11-06 09:20:14,90283,1259,705,-40,228.69,-5,-1,0
2025-11-06 09:20:15,90318,1145,595,-40,107.67,-5,1,0
2025-11-06 09:20:16,90353,1087,828,8,60.12,2,7,0
2025-11-06 09:20:17,90388,1214,1085,-24,21.36,5,6,0
2025-11-06 09:20:18,90423,1409,1134,-24,37.75,6,2,0
2025-11-06 09:20:19,90458,1521,1316,-24,120.45,-3,6,0
2025-11-06 09:20:20,90493,1488,1498,-24,124.19,-1,5,0
2025-11-06 09:20:21,90528,1375,1571,-24,155.13,-6,-1,0
2025-11-06 09:20:22,90563,1482,1574,-24,15.03,7,0,0
2025-11-06 09:20:23,90598,1516,1703,-24,158.73,-7,3,0
2025-11-06 09:20:24,90633,1307,1811,-24,178.73,-8,1,0
2025-11-06 09:20:25,90668,1113,1825,-24,269.6,-2,-2,0
2025-11-06 09:20:26,90703,1095,1813,-24,317.15,-1,0,0
2025-11-06 09:20:41,91200,-96,944,8,89.43,0,7,0
2025-11-06 09:20:42,91235,-95,1077,24,63.24,0,0,0
2025-11-06 09:20:43,91276,-89,1095,32,67.54,1,3,0
2025-11-06 09:20:44,91311,-41,1334,56,88.77,0,8,0
2025-11-06 09:20:45,91346,-35,1425,56,106.44,0,-1,0
2025-11-06 09:20:46,91384,-34,1418,56,93.12,-1,0,0
2025-11-06 09:20:47,91424,-34,1418,56,107.4,0,-1,0
2025-11-06 09:20:48,91459,-49,1511,56,91.27,-1,7,0
2025-11-06 09:20:49,91494,-17,1547,56,3.16,0,0,0
2025-11-06 09:20:50,91529,129,1591,56,6.02,7,1,0
2025-11-06 09:20:51,91564,223,1606,56,349.63,4,-1,0
2025-11-06 09:20:52,91599,328,1570,56,287.36,0,0,0
2025-11-06 09:20:53,91634,321,1587,56,304.76,0,-1,0
2025-11-06 09:20:54,91669,402,1545,56,16.48,5,3,0
2025-11-06 09:20:55,91704,605,1518,56,353.85,4,-4,0
2025-11-06 09:20:56,91739,625,1659,56,152.8,-3,6,0
2025-11-06 09:20:57,91774,587,1695,56,242.36,-2,-5,0
2025-11-06 09:20:58,91809,389,1515,56,270.44,-3,-7,0
2025-11-06 09:20:59,91844,368,1330,56,247.72,0,-1,0
2025-11-06 09:21:00,91879,355,1284,56,268.07,-1,-1,0
2025-11-06 09:21:02,91929,353,1200,56,277.34,-1,-2,0
2025-11-06 09:21:03,91964,355,1186,56,248.64,-1,-2,0
2025-11-06 09:21:04,91999,336,1112,56,279.62,-1,0,0
2025-11-06 09:21:05,92035,336,1094,56,267.54,-1,-5,0
2025-11-06 09:21:06,92070,337,1004,56,256.42,-1,-2,0
2025-11-06 09:21:07,92105,326,806,40,235.11,-3,-9,0
2025-11-06 09:21:08,92140,206,639,40,142.43,-2,1,0
2025-11-06 09:21:09,92175,218,652,40,172.84,-2,0,0
2025-11-06 09:21:10,92210,97,663,40,171.12,-7,0,5
2025-11-06 09:21:11,92250,175,672,40,23.6,7,1,5
2025-11-06 09:21:12,92285,400,865,40,0.66,10,4,0
2025-11-06 09:21:13,92320,741,841,40,235.81,3,-5,0
2025-11-06 09:21:14,92355,628,711,56,248.69,-4,-8,0
2025-11-06 09:21:15,92390,456,548,40,34.37,-5,-2,0
2025-11-06 09:21:16,92425,451,567,40,32.21,0,0,0
2025-11-06 09:21:17,92463,424,551,40,32.21,-5,-4,0
2025-11-06 09:21:18,92502,331,498,40,1.27,2,1,0
2025-11-06 09:21:19,92537,448,520,40,67.81,0,-1,0
2025-11-06 09:21:20,92572,451,490,40,70.88,0,-1,0
2025-11-06 09:21:21,92609,480,547,40,69.21,2,6,0
2025-11-06 09:21:22,92644,494,569,40,77.92,0,7,0
2025-11-06 09:21:23,92679,485,761,40,124.32,-4,7,0
2025-11-06 09:21:24,92714,386,944,56,344.09,2,0,0
2025-11-06 09:21:25,92749,623,883,40,343.04,8,-3,0
2025-11-06 09:21:26,92784,930,872,40,350.07,8,-1,0
2025-11-06 09:21:27,92819,1068,861,40,354.07,0,-1,0
2025-11-06 09:21:29,92869,1069,861,40,353.36,-1,0,0
2025-11-06 09:21:30,92913,976,857,40,199.6,-7,-3,0
2025-11-06 09:21:31,92948,682,798,56,184.61,-9,-1,0
2025-11-06 09:21:32,92983,398,883,40,87.76,-4,6,0
2025-11-06 09:21:33,93018,357,1150,56,97.91,-2,8,0
2025-11-06 09:21:34,93053,381,1450,56,79.45,1,8,0
2025-11-06 09:21:35,93088,246,1647,56,125.95,-3,0,0
2025-11-06 09:21:36,93123,182,1775,56,77.34,-1,0,0
2025-11-06 09:21:37,93158,210,1871,48,81.87,1,7,0
2025-11-06 09:21:38,93193,240,2042,48,67.76,0,2,0
2025-11-06 09:21:39,93228,239,2076,48,118.34,-1,0,0
2025-11-06 09:21:41,93288,233,2087,48,123.84,-2,2,0
2025-11-06 09:21:42,93323,172,2331,48,126.69,-2,5,0
2025-11-06 09:21:43,93358,124,2495,48,178.9,-5,4,0
2025-11-06 09:21:44,93393,-79,2554,48,337.81,-7,2,0
2025-11-06 09:21:45,93428,-100,2547,48,312.63,-1,0,0
2025-11-06 09:21:46,93463,-1,2522,48,339.96,8,-3,0
2025-11-06 09:21:47,93498,149,2471,48,339.92,0,-1,0
2025-11-06 09:21:48,93533,194,2348,48,316.41,4,-8,0
2025-11-06 09:21:49,93568,235,2274,48,331.13,0,-1,0
2025-11-06 09:21:50,93605,234,2301,48,215.02,-2,-1,0
2025-11-06 09:21:51,93640,237,2402,48,46.1,4,5,0
2025-11-06 09:21:52,93675,335,2509,48,17.23,5,2,0
2025-11-06 09:21:53,93710,590,2597,48,126.12,4,4,0
2025-11-06 09:21:54,93745,480,2629,48,221,-1,-4,0
2025-11-06 09:21:55,93780,299,2469,48,206.15,-8,-5,0
2025-11-06 09:21:56,93815,144,2416,48,199.51,-1,-1,0
2025-11-06 09:21:57,93854,126,2389,65,186.59,-5,-2,3
2025-11-06 09:21:58,93889,15,2299,48,341.15,3,-7,3
2025-11-06 09:21:59,93924,257,2233,48,16.88,8,1,0
2025-11-06 09:22:00,93959,370,2414,48,189.54,-7,4,3
2025-11-06 09:22:01,93994,144,2361,48,269.21,-1,-5,0
2025-11-06 09:22:02,94029,77,2239,48,277.03,-3,-5,0
2025-11-06 09:22:03,94064,113,2010,48,292.85,2,-8,0
2025-11-06 09:22:04,94099,176,1745,56,267.71,0,-9,0
2025-11-06 09:22:05,94134,19,1619,56,180.48,-8,-1,0
2025-11-06 09:22:06,94169,-95,1531,56,284.02,1,-8,0
2025-11-06 09:22:07,94204,-79,1306,56,74.4,-2,0,0
2025-11-06 09:22:08,94239,-34,1516,56,62.49,2,8,0
2025-11-06 09:22:09,94274,217,1630,56,347.04,9,-1,0
2025-11-06 09:22:10,94309,369,1475,56,284.33,1,-8,0
2025-11-06 09:22:11,94344,382,1193,56,268.07,-1,-9,0
2025-11-06 09:22:12,94379,378,903,56,340.44,2,-7,0
2025-11-06 09:22:13,94414,578,739,40,17.8,9,-2,0
2025-11-06 09:22:14,94449,858,807,40,51.86,6,4,0
2025-11-06 09:22:15,94484,976,938,40,91.41,0,-1,0
2025-11-06 09:22:16,94519,987,1029,40,84.42,0,-1,0
2025-11-06 09:22:17,94555,988,1027,40,85.56,0,2,0
2025-11-06 09:22:18,94590,977,1136,40,181.89,-5,3,0
2025-11-06 09:22:19,94625,913,1137,40,344.93,-1,-1,0
2025-11-06 09:22:20,94660,1071,1103,40,266.84,0,0,0
2025-11-06 09:22:21,94695,1000,1187,40,71.81,-2,7,0
2025-11-06 09:22:35,95121,1100,2007,0,253.74,-1,-4,13
2025-11-06 09:22:36,95156,1038,1779,-24,250.22,-3,-9,0
2025-11-06 09:22:37,95191,850,1587,24,290.21,1,-5,0
2025-11-06 09:22:38,95226,866,1531,40,311.48,-1,0,0
2025-11-06 09:22:39,95261,856,1544,32,355.87,3,-1,0
2025-11-06 09:22:40,95296,1010,1540,40,6.24,5,0,0
2025-11-06 09:22:41,95331,1064,1551,40,238.84,-3,-4,0
2025-11-06 09:22:42,95366,938,1481,40,312.36,3,-5,0
2025-11-06 09:22:43,95401,980,1481,40,267.28,0,-1,0
2025-11-06 09:22:44,95436,947,1375,48,160.88,-5,-1,0
2025-11-06 09:22:45,95471,821,1403,48,307.44,-4,1,0
2025-11-06 09:22:46,95506,855,1406,48,356.88,-1,-1,0
2025-11-06 09:22:47,95543,864,1398,48,2.64,3,0,0
2025-11-06 09:22:48,95578,890,1399,48,323.7,-1,0,0
2025-11-06 09:22:49,95613,749,1412,48,197.71,-8,0,0
2025-11-06 09:22:50,95648,764,1345,48,293.82,2,-5,0
2025-11-06 09:22:51,95683,788,1329,48,259.58,-1,0,0
2025-11-06 09:22:52,95719,782,1330,48,290.65,0,-1,0
2025-11-06 09:22:53,95754,779,1350,48,280.02,-1,0,0
2025-11-06 09:22:54,95789,892,1308,48,12.66,7,-1,0
2025-11-06 09:22:55,95824,1172,1350,48,11.82,8,1,0
2025-11-06 09:22:56,95859,1262,1325,48,243.54,0,-1,0
2025-11-06 09:22:57,95907,1263,1333,48,253.43,-1,0,0
2025-11-06 09:22:58,95942,1210,1235,48,253.26,-2,-5,0
2025-11-06 09:22:59,95977,1178,1222,48,180.92,-5,0,0
2025-11-06 09:23:00,96012,1263,1371,48,37.92,0,1,0
2025-11-06 09:23:01,96047,1116,1370,48,184.35,-9,-1,0
2025-11-06 09:23:02,96082,941,1399,48,43.95,-1,0,0
2025-11-06 09:23:03,96118,982,1399,48,33.71,1,0,0
2025-11-06 09:23:04,96153,987,1401,48,219.2,-1,-1,0
2025-11-06 09:23:05,96188,1048,1328,48,81.78,1,-3,0
2025-11-06 09:23:06,96223,1024,1399,48,145.42,-4,0,0
2025-11-06 09:23:07,96258,975,1399,48,76.55,0,0,0
2025-11-06 09:23:08,96293,1025,1606,40,81.61,1,8,0
2025-11-06 09:23:09,96328,1039,1912,0,154.82,-4,7,13
2025-11-06 09:23:10,96363,866,1944,0,254.27,-3,-7,13
2025-11-06 09:23:11,96398,903,1809,-24,346.95,6,-4,0
2025-11-06 09:23:12,96433,1175,1775,-24,1.85,8,0,0
2025-11-06 09:23:13,96468,1422,1788,-24,311.13,1,0,0
2025-11-06 09:23:14,96503,1477,1744,-24,281.07,0,-4,0
2025-11-06 09:23:15,96538,1501,1596,-24,270.79,0,-3,0
2025-11-06 09:23:16,96573,1523,1589,-24,193.8,0,0,0
2025-11-06 09:23:17,96608,1483,1572,-24,195.03,-3,-2,0
2025-11-06 09:23:18,96643,1361,1575,-24,337.19,0,-1,0
2025-11-06 09:23:19,96678,1490,1543,-24,276.15,2,-2,0
2025-11-06 09:23:20,96713,1508,1360,-24,267.89,-1,-2,0
2025-11-06 09:23:21,96748,1579,1309,-24,355.74,6,-3,0
2025-11-06 09:23:22,96783,1680,1364,-24,141.99,-5,5,0
2025-11-06 09:23:23,96818,1591,1383,-16,331.39,-4,0,0
2025-11-06 09:23:24,96853,1633,1338,-16,333.63,6,-4,0
2025-11-06 09:23:25,96888,1783,1229,-40,267.1,-1,-1,0
2025-11-06 09:23:27,96924,1783,1227,-40,250.8,-1,-1,0
2025-11-06 09:23:28,96968,1780,1227,-40,259.5,0,0,0
2025-11-06 09:23:29,97003,1783,1243,-40,245.35,0,0,0
2025-11-06 09:23:30,97039,1765,1194,-40,255.59,-2,-7,0
2025-11-06 09:23:31,97074,1678,949,-40,251.54,-4,-7,0
2025-11-06 09:23:32,97109,1734,915,-40,10.55,2,0,0
2025-11-06 09:23:33,97144,1819,939,-40,20.13,1,0,0
2025-11-06 09:23:34,97179,1844,949,-40,29.58,3,1,0
2025-11-06 09:23:35,97214,1873,962,-40,56.43,-1,-1,0
2025-11-06 09:23:36,97249,1876,966,-40,51.64,0,0,0
2025-11-06 09:23:37,97284,1925,1078,-40,90.04,0,7,0
2025-11-06 09:23:38,97319,1980,1087,-40,262.35,2,-7,0
2025-11-06 09:23:39,97354,1867,971,-40,163.87,-6,0,0
2025-11-06 09:23:40,97389,1649,951,-40,129.55,-8,1,0
2025-11-06 09:23:41,97424,1640,904,-40,173.98,-2,0,0
2025-11-06 09:23:42,97459,1734,1119,-40,101.56,3,7,0
2025-11-06 09:23:43,97494,1739,1179,-40,113.55,0,-1,0
2025-11-06 09:23:44,97529,1734,1219,-40,121.46,-1,5,0
2025-11-06 09:23:45,97564,1587,1340,-16,225.88,-3,0,0
2025-11-06 09:23:46,97599,1489,1189,-24,216.3,-6,-7,0
2025-11-06 09:23:47,97634,1309,1059,-24,175.08,-8,-2,0
2025-11-06 09:23:48,97669,1198,1043,-24,275.89,-1,-1,0
2025-11-06 09:23:49,97704,1184,1046,-24,302.96,-3,3,0
2025-11-06 09:23:50,97739,1171,1067,-24,304.23,1,-2,0
2025-11-06 09:23:51,97774,1187,1032,-16,17.18,-1,0,0
2025-11-06 09:23:52,97809,1361,1111,-24,16.39,7,2,0
2025-11-06 09:23:53,97844,1432,1140,-24,215.38,-1,-1,0
2025-11-06 09:23:54,97879,1238,1065,-24,249.13,-9,-3,0
2025-11-06 09:23:55,97914,1113,1114,-24,296.24,-3,3,0
2025-11-06 09:23:56,97949,1157,1006,-8,293.51,1,-5,0
2025-11-06 09:23:57,97984,1197,889,8,268.24,0,4,0
2025-11-06 09:23:58,98019,1245,939,8,323.22,2,-2,0
2025-11-06 09:23:59,98054,1241,1003,16,285.64,-2,4,0
2025-11-06 09:24:00,98089,1223,1060,-24,256.16,-1,-1,0
2025-11-06 09:24:01,98124,1189,1009,-8,256.9,-2,-5,0
2025-11-06 09:24:02,98159,1131,786,8,259.23,-1,-4,0
2025-11-06 09:24:03,98195,1123,752,8,254.09,0,2,0
2025-11-06 09:24:04,98230,1129,774,8,254.09,0,0,0
2025-11-06 09:24:05,98283,1214,843,8,353.45,6,0,0
2025-11-06 09:24:06,98318,1492,790,8,271.32,5,-6,0
2025-11-06 09:24:07,98353,1523,514,8,247.24,-2,-9,0
2025-11-06 09:24:08,98388,1504,379,8,220.03,-2,-4,0
2025-11-06 09:24:09,98423,1472,326,8,214.94,-1,-1,0
2025-11-06 09:24:11,98464,1473,326,8,200,0,0,0
2025-11-06 09:24:12,98509,1503,329,8,324.4,4,-3,0
2025-11-06 09:24:13,98544,1559,195,8,167.12,-1,-2,0
2025-11-06 09:24:14,98579,1437,224,-19,151.96,-3,1,0
2025-11-06 09:24:15,98614,1418,358,-40,75.5,1,7,0
2025-11-06 09:24:16,98649,1426,558,-40,168.35,-7,2,0
2025-11-06 09:24:17,98684,1274,617,-40,173.85,-7,0,0
2025-11-06 09:24:18,98719,1102,766,8,62.01,0,6,0
2025-11-06 09:24:19,98754,1153,1008,-1,70.14,-1,7,0
2025-11-06 09:24:20,98789,1306,1084,-24,238.32,3,-4,0
2025-11-06 09:24:21,98824,1270,1032,-24,209.31,-5,-1,0
2025-11-06 09:24:22,98859,1115,934,8,271.01,-2,-7,0
2025-11-06 09:24:23,98894,1104,809,8,264.11,-1,-1,0
2025-11-06 09:24:24,98929,1103,794,8,264.9,-1,-1,0
2025-11-06 09:24:25,98964,1121,826,8,17.45,5,2,0
2025-11-06 09:24:26,98999,1385,871,8,329.55,8,-1,0
2025-11-06 09:24:27,99034,1567,688,8,270.79,1,-8,0
2025-11-06 09:24:28,99069,1571,385,8,267.67,-1,-9,0
2025-11-06 09:24:29,99104,1529,255,8,173.19,-4,-1,0
2025-11-06 09:24:30,99139,1296,351,-9,90.44,-4,6,0
2025-11-06 09:24:31,99174,1250,484,-32,252.64,0,-1,0
2025-11-06 09:24:32,99209,1248,328,-32,294.3,1,-1,0
2025-11-06 09:24:33,99244,1175,340,-32,86.75,-3,1,0
2025-11-06 09:24:34,99279,1251,456,-32,20.57,5,1,0
2025-11-06 09:24:35,99314,1310,616,-40,202.1,-5,1,0
2025-11-06 09:24:36,99349,1122,733,0,66.45,0,8,0
2025-11-06 09:24:37,99384,1147,894,8,59.55,-1,0,0
2025-11-06 09:24:38,99419,1147,906,8,69.17,1,3,0
2025-11-06 09:24:39,99454,1228,1036,11,26.89,1,2,0
2025-11-06 09:24:40,99489,1149,1045,-24,311,0,-4,0
2025-11-06 09:24:41,99524,1300,857,8,341.28,6,-5,0
2025-11-06 09:24:42,99559,1527,677,8,292.37,4,-8,0
2025-11-06 09:24:43,99594,1583,469,8,283.54,0,-7,0
2025-11-06 09:24:44,99629,1571,253,8,190.28,-1,-4,0
2025-11-06 09:24:45,99664,1498,189,8,160.8,-1,-1,0
2025-11-06 09:24:46,99699,1392,228,-40,159.57,-1,1,0
2025-11-06 09:24:47,99734,1392,344,-40,259.01,-1,-2,0
2025-11-06 09:24:48,99769,1455,224,-40,104.5,-1,4,0
2025-11-06 09:24:49,99804,1392,464,-40,90.83,-1,7,0
2025-11-06 09:24:50,99839,1337,631,-40,215.07,-7,0,0
2025-11-06 09:24:51,99874,1180,723,0,72.07,0,6,0
2025-11-06 09:24:52,99909,1161,988,8,49.13,-2,6,0
2025-11-06 09:24:53,99944,1273,1079,-24,350.9,7,-1,0
2025-11-06 09:24:54,99979,1546,1143,-24,85.52,3,7,0
2025-11-06 09:24:55,100014,1579,1347,-21,319.83,-2,2,0
2025-11-06 09:24:56,100049,1717,1246,-32,309.38,5,-5,0
2025-11-06 09:24:57,100084,1752,1267,-40,199.2,-4,-1,0
2025-11-06 09:24:58,100119,1690,1290,-24,289.03,2,-5,0
2025-11-06 09:24:59,100154,1709,1038,-40,251.02,-3,-9,0
2025-11-06 09:25:00,100189,1749,924,-40,40.17,6,3,0
2025-11-06 09:25:01,100224,1820,1000,-40,288.06,0,-3,0
2025-11-06 09:25:02,100259,1938,965,-40,198.72,-1,0,0
2025-11-06 09:25:03,100294,1797,1005,-40,110.52,-3,7,0
2025-11-06 09:25:04,100329,1745,1182,-40,88.29,-1,3,0
2025-11-06 09:25:05,100364,1721,1274,-32,125.33,-4,6,0
2025-11-06 09:25:06,100399,1603,1383,-16,125.86,-4,0,0
2025-11-06 09:25:07,100434,1513,1531,-24,150.95,-2,6,0
2025-11-06 09:25:08,100469,1456,1567,-24,190.11,-7,-2,0
2025-11-06 09:25:09,100504,1437,1569,-24,20.17,6,2,0
2025-11-06 09:25:10,100539,1489,1703,-24,130.78,-4,6,0
2025-11-06 09:25:11,100574,1263,1833,-24,206.15,-8,-3,0
2025-11-06 09:25:12,100609,1101,1846,-24,299.31,-1,0,0
2025-11-06 09:25:13,100644,1121,1818,-24,307.71,3,-5,0
2025-11-06 09:25:14,100679,1126,1768,-24,200.26,-6,-2,0
2025-11-06 09:25:15,100714,912,1636,0,214.41,-9,-3,0
2025-11-06 09:25:16,100749,1003,1593,40,17.23,6,2,0
2025-11-06 09:25:17,100784,1234,1704,16,84.51,3,6,0
2025-11-06 09:25:18,100819,1159,1871,-24,143.04,-5,0,0
2025-11-06 09:25:19,100854,1020,1906,0,15.29,-2,0,0
2025-11-06 09:25:20,100889,1193,1941,0,356.79,7,-1,13
2025-11-06 09:25:21,100924,1199,2017,0,195.47,-6,-2,13
2025-11-06 09:25:22,100959,1083,1864,-20,331.17,2,-6,0
2025-11-06 09:25:23,100994,1241,1764,-24,189.36,-4,-3,0
2025-11-06 09:25:24,101029,1049,1746,-16,204.65,-8,-3,0
2025-11-06 09:25:25,101064,861,1539,40,355.34,2,-5,0
2025-11-06 09:25:26,101099,1104,1480,40,356.75,8,-1,0
2025-11-06 09:25:27,101134,1272,1526,40,110.79,-2,5,0
2025-11-06 09:25:28,101169,1205,1779,11,25.84,0,6,0
2025-11-06 09:25:29,101204,1267,1848,-24,327.88,2,-3,0
2025-11-06 09:25:30,101239,1437,1757,-24,327.88,5,-2,0
2025-11-06 09:25:31,101274,1561,1510,-24,261.17,-1,-9,0
2025-11-06 09:25:32,101309,1517,1205,-24,255.32,-2,-9,0
2025-11-06 09:25:33,101344,1268,1057,-24,174.46,-9,0,0
2025-11-06 09:25:34,101379,1145,937,8,301.99,2,-6,0
2025-11-06 09:25:35,101414,1343,766,8,7.65,7,-2,0
2025-11-06 09:25:36,101449,1583,635,8,262.62,-1,-7,0
2025-11-06 09:25:37,101484,1552,363,8,262.62,-2,-9,0
2025-11-06 09:25:38,101519,1510,236,8,160.14,1,-2,0
2025-11-06 09:25:39,101554,1579,206,8,166.86,-1,0,0
2025-11-06 09:25:40,101591,1583,192,8,283.89,0,-5,0
2025-11-06 09:25:41,101627,1568,157,8,149.94,-4,1,0
2025-11-06 09:25:42,101662,1392,272,-40,150.12,-1,2,0
2025-11-06 09:25:43,101702,1392,327,-40,275.32,0,-1,0
2025-11-06 09:25:44,101737,1420,395,-40,96.15,-1,7,0
2025-11-06 09:25:45,101772,1338,634,-40,205.49,-7,0,0
2025-11-06 09:25:46,101807,1141,742,0,70.84,-1,8,0
2025-11-06 09:25:47,101842,1149,909,8,4.83,4,1,0
2025-11-06 09:25:48,101877,1375,832,8,319,6,-6,0
2025-11-06 09:25:49,101912,1575,592,8,254.22,2,-9,0
2025-11-06 09:25:50,101947,1553,338,8,287.27,1,-10,0
2025-11-06 09:25:51,101982,1581,152,8,154.47,0,-1,0
2025-11-06 09:25:52,102022,1437,160,3,99.01,-8,1,0
2025-11-06 09:25:53,102057,1395,335,-40,85.96,0,8,0
2025-11-06 09:25:54,102092,1386,644,-40,172.88,-4,6,0
2025-11-06 09:25:55,102127,1155,597,-40,146.56,-9,-5,0
2025-11-06 09:25:56,102162,1193,754,8,42.5,5,6,0
2025-11-06 09:25:57,102197,1327,889,8,333.94,0,-1,0
2025-11-06 09:25:58,102238,1331,866,8,331.26,2,-3,0
2025-11-06 09:25:59,102273,1583,650,8,264.46,-1,-6,0
2025-11-06 09:26:00,102308,1554,190,8,301.38,0,-12,0
2025-11-06 09:26:02,102363,1583,201,8,130.87,0,0,0
2025-11-06 09:26:03,102413,1541,167,8,160.75,-10,3,0
2025-11-06 09:26:04,102448,1392,360,-40,100.99,-1,7,0
2025-11-06 09:26:05,102483,1392,547,-40,104.5,-1,11,0
2025-11-06 09:26:06,102518,1288,740,-40,208.21,-7,-2,0
2025-11-06 09:26:07,102553,1233,646,-40,301.38,0,-3,0
2025-11-06 09:26:08,102588,1327,486,-32,257.43,-3,-12,0
2025-11-06 09:26:09,102623,1268,328,-32,166.03,-10,0,0
2025-11-06 09:26:10,102658,1289,437,-32,6.06,11,-1,0
2025-11-06 09:26:11,102693,1320,570,-32,181.85,-2,-1,0
2025-11-06 09:26:12,102728,1107,692,-8,180.09,-15,1,0
2025-11-06 09:26:13,102763,1155,907,8,357.28,12,3,0
2025-11-06 09:26:14,102798,1384,779,8,343.21,9,-9,0
2025-11-06 09:26:15,102833,1510,451,8,230.71,-8,-13,0
2025-11-06 09:26:16,102868,1238,288,0,125.24,-6,4,0
2025-11-06 09:26:17,102903,1168,340,-32,192.04,-1,-1,0
2025-11-06 09:26:18,102938,1168,410,-32,77.78,0,6,0
2025-11-06 09:26:19,102973,1271,487,-32,58.45,5,1,0
2025-11-06 09:26:20,103008,1320,513,-32,155.13,-2,1,0
2025-11-06 09:26:21,103043,1173,649,-24,225.44,-12,-5,0
2025-11-06 09:26:22,103078,1105,780,8,42.63,8,11,0
2025-11-06 09:26:23,103113,1340,861,8,28.56,3,-2,0
2025-11-06 09:26:24,103148,1433,871,8,30.32,4,0,0
2025-11-06 09:26:25,103183,1485,871,8,353.41,0,-1,0
2025-11-06 09:26:26,103218,1583,847,8,288.37,0,-2,0
2025-11-06 09:26:27,103253,1578,709,8,253.21,-2,-13,0
2025-11-06 09:26:28,103288,1392,220,-40,188.17,-2,-9,0
2025-11-06 09:26:29,103323,1392,200,-40,84.46,0,7,0
2025-11-06 09:26:30,103358,1349,621,-40,212.78,-12,4,0
2025-11-06 09:26:31,103393,1076,701,-8,56.34,0,11,0
2025-11-06 09:26:32,103428,1346,848,8,0.09,7,-5,0
2025-11-06 09:26:33,103463,1562,663,8,252.86,-4,-14,0
2025-11-06 09:26:34,103498,1392,215,-40,117.51,-1,-1,0
2025-11-06 09:26:35,103533,1396,578,-40,117.51,-2,15,0
2025-11-06 09:26:36,103568,1232,702,-40,212.43,-2,-5,0
2025-11-06 09:26:37,103603,1139,841,8,57.74,6,12,0
2025-11-06 09:26:38,103638,1397,1113,-24,307,4,2,0
2025-11-06 09:26:39,103673,1400,1122,-24,183.96,-10,-2,0
2025-11-06 09:26:40,103708,1061,1032,-24,301.73,-1,-2,0
2025-11-06 09:26:41,103743,1273,903,8,328.1,8,-6,0
2025-11-06 09:26:42,103778,1583,870,8,27.86,0,2,0
2025-11-06 09:26:45,103874,1574,713,8,266.57,-1,-7,0
2025-11-06 09:26:46,103909,1563,536,8,259.54,-1,-3,0
2025-11-06 09:26:47,103944,1561,514,8,236.69,-1,-2,0
2025-11-06 09:26:48,103979,1319,235,0,190.99,-13,-8,0
2025-11-06 09:26:51,104072,1122,174,0,83.76,0,4,0
2025-11-06 09:26:52,104107,1150,429,40,83.8,0,8,0
2025-11-06 09:26:53,104142,1162,481,48,78.62,0,0,0
2025-11-06 09:26:54,104177,1181,519,48,87.98,-1,-7,0
2025-11-06 09:26:55,104212,1177,403,-32,32.7,0,-1,0
2025-11-06 09:26:56,104247,1343,495,-32,102.83,-1,6,0
2025-11-06 09:26:57,104282,1235,684,-40,99.05,-4,8,0
2025-11-06 09:26:58,104317,1202,765,8,16.57,-3,-1,0
2025-11-06 09:26:59,104352,1117,740,0,22.02,-3,-2,0
2025-11-06 09:27:00,104387,1072,722,0,29.27,0,0,0
2025-11-06 09:27:01,104422,1155,759,8,25,1,0,0
2025-11-06 09:27:02,104457,1269,805,8,25,7,3,0
2025-11-06 09:27:03,104492,1451,859,8,40.47,2,1,0
2025-11-06 09:27:04,104527,1542,967,8,131.09,0,0,0
2025-11-06 09:27:05,104562,1451,943,8,184.26,-8,-2,0
2025-11-06 09:27:06,104597,1331,908,8,164.09,4,-2,0
2025-11-06 09:27:07,104632,1355,889,8,167.39,-3,0,1
2025-11-06 09:27:08,104667,1179,961,8,220.08,-7,-3,0
2025-11-06 09:27:09,104702,969,789,8,165.81,-8,-2,0
2025-11-06 09:27:10,104737,835,842,8,353.98,-1,-1,0
2025-11-06 09:27:11,104772,989,823,8,354.07,7,-1,0
2025-11-06 09:27:12,104807,1251,861,8,323.7,6,-1,0
2025-11-06 09:27:13,104842,1371,806,8,343.7,3,-2,0
2025-11-06 09:27:14,104877,1583,652,8,255.72,-1,-5,0
2025-11-06 09:27:15,104912,1557,530,8,254.09,-1,-1,0
2025-11-06 09:27:19,105050,1507,451,8,233,-7,-10,0
2025-11-06 09:27:20,105085,1392,298,-40,157.41,-1,1,0
2025-11-06 09:27:21,105120,1455,526,-40,60.73,0,7,0
2025-11-06 09:27:22,105155,1370,731,-40,187.29,-7,2,0
2025-11-06 09:27:23,105190,1099,665,-16,120.5,-10,6,0
2025-11-06 09:27:24,105225,1012,847,8,76.55,-1,0,1
2025-11-06 09:27:25,105260,1131,881,8,25.58,6,3,0
2025-11-06 09:27:26,105295,1327,943,8,0.97,0,0,0
2025-11-06 09:27:27,105330,1419,891,8,348.66,6,-3,1
2025-11-06 09:27:28,105365,1583,861,8,283.62,0,-1,0
2025-11-06 09:27:29,105411,1572,780,8,262.53,-2,-12,0
2025-11-06 09:27:30,105446,1428,286,3,167.61,-10,-12,0
2025-11-06 09:27:31,105481,1177,313,0,211.55,-7,-1,0
2025-11-06 09:27:32,105516,1120,310,8,114.87,-1,3,0
2025-11-06 09:27:33,105551,1120,380,32,111.36,-1,0,0
2025-11-06 09:27:34,105586,1121,466,40,39.55,0,0,0
2025-11-06 09:27:35,105621,1144,486,48,284.99,-1,1,0
2025-11-06 09:27:36,105662,1128,486,40,358.68,2,-1,0
2025-11-06 09:27:37,105697,1178,512,48,88.77,0,5,0
2025-11-06 09:27:38,105732,1144,761,8,99.8,-2,8,0
2025-11-06 09:27:39,105767,1113,1039,-24,135.44,-1,7,0
2025-11-06 09:27:40,105802,1136,1111,-24,179.87,0,0,0
2025-11-06 09:27:41,105837,1078,1076,-24,194.15,-7,-3,0
2025-11-06 09:27:42,105872,1062,1057,-24,159.13,-1,0,0
2025-11-06 09:27:43,105907,1068,1087,-24,252.91,1,1,0
2025-11-06 09:27:44,105947,1098,1056,-24,282.13,1,-4,0
2025-11-06 09:27:45,105982,1108,863,8,195.95,-3,-6,0
2025-11-06 09:27:46,106017,883,823,8,170.99,-8,0,0
2025-11-06 09:27:47,106053,784,847,8,298.04,-1,0,0
2025-11-06 09:27:48,106091,842,778,8,16.79,5,0,0
2025-11-06 09:27:49,106126,1096,850,8,31.77,7,3,0
2025-11-06 09:27:50,106161,1210,1060,-24,13.1,3,7,0
2025-11-06 09:27:51,106196,1432,1133,-24,15.64,7,1,0
2025-11-06 09:27:52,106231,1517,1147,-24,207.42,-5,-3,0
2025-11-06 09:27:53,106266,1258,1078,-24,182.77,-9,-1,0
2025-11-06 09:27:54,106301,1056,1062,-24,182.77,-1,-1,0
2025-11-06 09:27:55,106336,1123,1018,-16,265.43,2,-2,0
2025-11-06 09:27:56,106371,1171,912,8,328.8,4,-4,0
2025-11-06 09:27:57,106406,1390,801,8,358.64,8,-1,0
2025-11-06 09:27:58,106441,1552,634,8,269.56,0,-8,0
2025-11-06 09:27:59,106476,1538,363,8,213.44,-2,-4,0
2025-11-06 09:28:00,106511,1548,336,8,283.62,0,-1,0
2025-11-06 09:28:01,106546,1574,186,8,142.43,-1,-2,0
2025-11-06 09:28:02,106581,1524,203,8,128.94,-2,1,0
2025-11-06 09:28:03,106616,1541,432,8,90.75,0,8,0
2025-11-06 09:28:04,106651,1542,721,8,90.75,-1,8,0
2025-11-06 09:28:06,106689,1540,870,8,202.94,-1,-1,0
2025-11-06 09:28:07,106724,1561,828,8,299,2,-6,0
2025-11-06 09:28:08,106759,1583,784,8,263.58,-1,-1,0
2025-11-06 09:28:09,106797,1576,737,8,247.54,-1,-1,0
2025-11-06 09:28:10,106836,1561,700,8,247.54,-1,-2,0
2025-11-06 09:28:11,106871,1583,828,8,247.54,0,5,0
2025-11-06 09:28:13,106959,1550,713,8,258.09,-3,-14,0
2025-11-06 09:28:14,106994,1392,270,-40,191.29,-2,-3,0
2025-11-06 09:28:15,107029,1392,270,-40,98.13,-1,4,0
2025-11-06 09:28:16,107064,1427,631,-40,180.75,0,5,0
2025-11-06 09:28:17,107099,1200,632,-32,94.61,-8,9,0
2025-11-06 09:28:18,107134,1280,967,8,350.9,12,1,0
2025-11-06 09:28:19,107169,1493,807,8,61.22,11,2,0
2025-11-06 09:28:20,107204,1583,871,8,342.11,0,-1,0
2025-11-06 09:28:21,107239,1583,762,8,270.04,0,-2,0
2025-11-06 09:28:22,107276,1583,747,8,245.43,-1,-2,0
2025-11-06 09:28:23,107311,1432,418,-1,245.43,-7,-15,0
2025-11-06 09:28:24,107346,1392,234,-40,110.08,-1,3,0
2025-11-06 09:28:25,107381,1392,444,-40,103.05,-1,7,0
2025-11-06 09:28:26,107416,1351,629,-40,183.91,-6,2,0
2025-11-06 09:28:27,107451,1110,704,-8,97.78,-5,5,0
2025-11-06 09:28:28,107486,1276,866,8,345.28,13,-3,0
2025-11-06 09:28:29,107521,1580,650,8,267.93,-1,-14,0
2025-11-06 09:28:30,107556,1392,304,-40,211.68,-2,-3,0
2025-11-06 09:28:31,107591,1395,262,-40,55.24,2,8,0
2025-11-06 09:28:32,107626,1392,562,-40,176.53,-2,2,0
2025-11-06 09:28:33,107661,1392,571,-40,174.77,-1,0,0
2025-11-06 09:28:34,107699,1266,602,-40,171.25,-14,1,0
2025-11-06 09:28:35,107734,1085,837,8,30.63,5,9,0
2025-11-06 09:28:36,107769,1327,971,8,346.68,1,-2,0
2025-11-06 09:28:37,107804,1327,968,8,311.53,1,-2,0
2025-11-06 09:28:38,107839,1327,968,8,346.68,1,-1,0
2025-11-06 09:28:39,107874,1327,968,8,337.9,1,-1,0
2025-11-06 09:28:41,107916,1338,914,8,327.35,3,-5,0
2025-11-06 09:28:42,107951,1570,834,8,39.42,7,1,0
2025-11-06 09:28:44,108040,1568,775,8,267.93,-1,-8,0
2025-11-06 09:28:45,108075,1535,421,8,252.11,-3,-15,0
2025-11-06 09:28:46,108110,1392,236,-40,115,-1,7,0
2025-11-06 09:28:47,108145,1420,666,-40,155.43,-5,9,0
2025-11-06 09:28:48,108180,1167,633,-25,192.35,-10,-9,0
2025-11-06 09:28:49,108215,1126,816,8,35.9,8,12,0
2025-11-06 09:28:50,108250,1444,887,8,327.35,7,-4,0
2025-11-06 09:28:51,108285,1582,719,8,262.31,-1,-6,0
2025-11-06 09:28:52,108320,1502,443,8,235.94,-7,-12,0
2025-11-06 09:28:53,108355,1240,229,0,179.69,-5,-1,0
2025-11-06 09:28:54,108390,1164,242,0,79.06,-2,5,0
2025-11-06 09:28:55,108425,1130,261,0,71.02,-3,-5,0
2025-11-06 09:28:56,108460,1158,323,16,58.62,-2,-2,0
2025-11-06 09:28:57,108495,1120,304,8,94.83,0,0,0
2025-11-06 09:28:58,108530,1120,422,40,94.83,0,2,0
2025-11-06 09:28:59,108565,1153,473,48,53.53,3,5,0
2025-11-06 09:29:00,108600,1161,487,48,66.71,0,0,0
2025-11-06 09:29:01,108638,1183,512,48,71.02,0,2,0
2025-11-06 09:29:02,108673,1183,540,48,111.88,0,-1,0
2025-11-06 09:29:03,108711,1180,541,48,271.27,0,-1,0
2025-11-06 09:29:04,108746,1144,386,40,257.83,-3,-8,0
2025-11-06 09:29:05,108781,1219,265,0,355.52,6,-2,0
2025-11-06 09:29:06,108816,1330,405,-32,97.69,0,7,0
2025-11-06 09:29:07,108851,1303,596,-40,212.65,-4,-1,0
2025-11-06 09:29:08,108886,1152,727,0,127.66,-4,6,0
2025-11-06 09:29:09,108921,1063,819,8,54.67,0,1,0
2025-11-06 09:29:10,108956,1158,1008,-1,88.81,1,7,0
2025-11-06 09:29:11,108991,1229,1122,-24,351.78,5,-1,0
2025-11-06 09:29:12,109026,1489,1120,-24,82.18,5,5,0
2025-11-06 09:29:13,109061,1619,1332,-16,309.99,6,-1,0
2025-11-06 09:29:14,109096,1753,1232,-40,265.17,0,0,0
2025-11-06 09:29:15,109131,1742,1053,-40,277.78,-1,-9,0
2025-11-06 09:29:16,109166,1889,970,-40,75.5,0,-2,0
2025-11-06 09:29:17,109201,1780,977,-40,115.09,-6,4,0
2025-11-06 09:29:18,109236,1690,1231,-32,127.71,-3,8,0
2025-11-06 09:29:19,109271,1587,1379,-16,122.83,-6,5,0
2025-11-06 09:29:20,109306,1504,1641,-24,109.51,-1,8,0
2025-11-06 09:29:21,109341,1324,1852,-24,171.74,-8,2,0
2025-11-06 09:29:22,109376,1130,1829,-24,123.09,-5,2,0
2025-11-06 09:29:23,109411,1001,1799,-24,292.02,-1,-7,0
2025-11-06 09:29:24,109446,1010,1658,0,169.5,-3,-5,0
2025-11-06 09:29:25,109481,858,1584,24,315.09,2,-6,0
2025-11-06 09:29:26,109516,969,1486,40,262.88,0,0,0
2025-11-06 09:29:27,109558,971,1483,40,278.17,-1,0,0
2025-11-06 09:29:28,109593,976,1405,48,207.25,-3,-6,0
2025-11-06 09:29:29,109628,834,1313,48,224.38,-7,-3,0
2025-11-06 09:29:30,109663,768,1322,48,131.04,-4,3,0
2025-11-06 09:29:31,109698,736,1366,48,5.54,2,-1,0
2025-11-06 09:29:32,109733,979,1379,48,356.04,8,0,0
2025-11-06 09:29:33,109768,1235,1330,48,261.61,3,-7,0
2025-11-06 09:29:34,109803,1199,1231,48,94.61,-2,2,0
2025-11-06 09:29:35,109838,1183,1256,48,95.14,-1,0,0
2025-11-06 09:29:37,109879,1019,1385,48,218.19,-13,-2,0
2025-11-06 09:29:38,109914,720,1368,48,140.84,-2,4,0
2025-11-06 09:29:39,109949,742,1320,48,302.56,4,-2,0
2025-11-06 09:29:40,109984,987,1333,48,25.18,13,5,0
2025-11-06 09:29:41,110019,1252,1320,48,230.49,-3,-2,0
2025-11-06 09:29:42,110054,1197,1216,48,304.32,4,-2,0
2025-11-06 09:29:43,110089,1168,1231,48,98.66,-1,4,0
2025-11-06 09:29:44,110124,1120,1388,48,207.64,-5,-6,0
2025-11-06 09:29:45,110159,875,1380,48,96.9,-4,2,0
2025-11-06 09:29:46,110194,855,1409,48,9.01,0,0,0
2025-11-06 09:29:47,110229,888,1388,48,9.01,5,-1,0
2025-11-06 09:29:48,110264,1008,1399,48,70.53,1,2,0
2025-11-06 09:29:49,110299,1044,1399,48,133.81,0,0,0
2025-11-06 09:29:50,110334,980,1495,46,65.26,1,9,0
2025-11-06 09:29:51,110369,1208,1718,16,16.04,12,2,0
2025-11-06 09:29:52,110404,1189,1871,-24,200.61,-10,-2,0
2025-11-06 09:29:53,110439,848,1805,-24,149.63,-2,4,0
2025-11-06 09:29:54,110474,866,1871,-24,35.38,3,0,0
2025-11-06 09:29:55,110509,1203,1826,-24,340.88,14,-6,0
2025-11-06 09:29:56,110544,1497,1640,-24,258.27,1,-11,0
2025-11-06 09:29:57,110579,1475,1288,-24,265.3,-1,-2,0
2025-11-06 09:29:58,110614,1563,1279,-24,335.61,12,-3,0
2025-11-06 09:29:59,110649,1436,1074,-24,151.04,-13,0,0
2025-11-06 09:30:00,110684,1065,1053,-24,272.33,-5,-7,0
2025-11-06 09:30:01,110719,1139,1004,-8,303.97,4,-5,0
2025-11-06 09:30:02,110754,1510,737,8,268.81,9,-12,0
2025-11-06 09:30:03,110789,1503,409,8,231.9,-7,-11,0
2025-11-06 09:30:04,110824,1138,240,0,147.52,-10,1,0
2025-11-06 09:30:05,110859,1123,379,32,82.49,0,7,0
2025-11-06 09:30:06,110894,1139,487,48,70.18,0,0,0
2025-11-06 09:30:07,110929,1185,487,48,87.76,1,0,0
2025-11-06 09:30:08,110964,1190,487,48,100.06,-2,1,0
2025-11-06 09:30:09,110999,1154,718,0,151.04,-5,10,0
2025-11-06 09:30:10,111034,885,783,8,135.22,-8,3,0
2025-11-06 09:30:11,111069,1021,826,8,356.35,14,-2,1
2025-11-06 09:30:12,111104,1431,967,8,38.54,5,0,0
2025-11-06 09:30:13,111139,1558,920,8,201.67,-5,-1,0
2025-11-06 09:30:14,111174,1196,884,8,133.11,-9,2,0
2025-11-06 09:30:15,111209,1060,1104,-24,50.49,-1,8,0
2025-11-06 09:30:16,111244,1345,1105,-24,347.21,14,-4,0
2025-11-06 09:30:17,111279,1522,1374,-24,108.5,-7,13,0
2025-11-06 09:30:18,111314,1446,1575,-24,104.99,-4,1,0
2025-11-06 09:30:19,111349,1360,1544,-24,228.03,-2,-2,0
2025-11-06 09:30:20,111384,1550,1624,-24,114.13,4,11,0
2025-11-06 09:30:21,111419,1224,1827,-24,193.23,-16,-2,0
2025-11-06 09:30:22,111454,850,1842,-24,57.88,2,10,0
2025-11-06 09:30:23,111489,1208,1815,-24,354.59,11,-3,0
2025-11-06 09:30:24,111524,1326,1794,-24,354.59,0,-1,0
2025-11-06 09:30:29,111665,2005,3488,0,0,6,0,0
2025-11-06 09:30:30,111716,2111,3494,0,3.6,6,0,0
2025-11-06 09:30:31,111751,2052,3509,0,352,-7,0,0
2025-11-06 09:30:32,111786,1856,3535,0,352,-1,0,0
2025-11-06 09:30:33,111821,1915,3527,0,352.57,6,-1,0
2025-11-06 09:30:34,111856,2063,3500,0,353.01,-1,-1,0
2025-11-06 09:30:35,111899,2074,3494,0,355.39,3,-1,0
2025-11-06 09:30:36,111934,2121,3490,0,356.66,-1,0,0
2025-11-06 09:30:37,111969,1948,3506,0,356.48,-9,0,0
2025-11-06 09:30:38,112004,1971,3507,0,356.79,7,-1,0
2025-11-06 09:30:39,112039,2153,3499,0,333.15,-1,0,0
2025-11-06 09:30:40,112074,2119,3526,0,320.41,-1,0,0
2025-11-06 09:30:41,112109,2104,3539,0,338.12,-1,0,0
2025-11-06 09:30:42,112144,2250,3465,-54,317.46,5,-4,0
2025-11-06 09:30:43,112179,2351,3400,-64,80.64,0,-1,0
2025-11-06 09:30:44,112214,2378,3500,-64,51.11,3,7,0
2025-11-06 09:30:45,112249,2255,3516,-64,131.4,-7,3,0
2025-11-06 09:30:46,112284,2146,3613,-64,334.38,-1,-1,0
2025-11-06 09:30:47,112319,2268,3465,-64,222.76,-1,-8,0
2025-11-06 09:30:48,112354,2335,3280,-64,324.05,4,-1,0
2025-11-06 09:30:49,112389,2406,3216,-48,347.56,4,-1,0
2025-11-06 09:30:50,112424,2630,3206,0,80.86,3,0,0
2025-11-06 09:30:51,112459,2664,3310,0,93.87,-1,2,0
2025-11-06 09:30:52,112494,2641,3444,0,103.75,-1,2,0
2025-11-06 09:30:53,112529,2589,3641,0,161.94,-1,3,0
2025-11-06 09:30:54,112564,2531,3677,0,176.22,-1,0,0
2025-11-06 09:30:55,112599,2433,3678,0,177.76,-6,0,0
2025-11-06 09:30:56,112634,2176,3703,0,188.88,-9,0,0
2025-11-06 09:30:57,112669,2068,3718,0,353.85,5,-1,0
2025-11-06 09:30:58,112704,2313,3664,0,296.37,3,-1,0
2025-11-06 09:30:59,112739,2349,3625,-8,319.39,-3,2,0
2025-11-06 09:31:00,112774,2336,3607,-8,250.14,0,-1,0
2025-11-06 09:31:01,112809,2323,3566,0,250.66,-1,-1,0
2025-11-06 09:31:03,112850,2315,3538,0,253.65,-2,-5,0
2025-11-06 09:31:04,112885,2252,3325,-64,253.74,-2,-4,0
2025-11-06 09:31:05,112920,2197,3181,-64,253.74,-3,-8,0
2025-11-06 09:31:06,112962,2168,3134,-64,94.53,-1,6,0
2025-11-06 09:31:07,112997,2241,3378,-64,13.84,5,4,0
2025-11-06 09:31:08,113032,2463,3429,-64,68.69,5,5,0
2025-11-06 09:31:09,113067,2498,3490,-64,218.14,-4,-2,0
2025-11-06 09:31:10,113102,2303,3347,-64,217.92,-7,-6,0
2025-11-06 09:31:11,113137,2210,3283,-64,114.87,-2,3,0
2025-11-06 09:31:12,113172,2126,3497,0,121.64,-2,4,0
2025-11-06 09:31:13,113211,2102,3551,0,178.77,-1,0,0
2025-11-06 09:31:14,113246,1914,3549,0,185.93,-8,-1,0
2025-11-06 09:31:15,113285,1872,3539,0,213.27,-1,-2,0
2025-11-06 09:31:16,113320,1894,3488,0,83.23,0,0,0
2025-11-06 09:31:17,113355,1879,3503,0,5.89,0,0,0
2025-11-06 09:31:18,113390,2063,3522,0,4.13,0,0,0
2025-11-06 09:31:19,113425,2110,3519,0,340.58,5,-2,0
2025-11-06 09:31:20,113460,2213,3574,-9,192.61,6,4,0
2025-11-06 09:31:21,113495,2208,3498,-64,270.04,-1,-8,0
2025-11-06 09:31:22,113530,2151,3321,-64,106.83,-4,4,0
2025-11-06 09:31:23,113565,2121,3514,0,165.59,-2,4,0
2025-11-06 09:31:24,113604,2103,3532,0,177.76,-1,0,0
2025-11-06 09:31:25,113639,1914,3534,0,183.56,-8,-1,0
2025-11-06 09:31:26,113674,1867,3532,0,179.91,0,0,0
2025-11-06 09:31:30,113814,1857,3521,0,358.07,2,-1,0
2025-11-06 09:31:31,113849,2031,3523,0,55.99,1,0,0
2025-11-06 09:31:32,113884,2063,3488,0,322.03,0,-1,0
2025-11-06 09:31:33,113923,2120,3488,0,348.35,3,-1,0
2025-11-06 09:31:34,113958,2317,3405,-64,272.11,2,-7,0
2025-11-06 09:31:35,113993,2372,3301,-64,70.8,0,-1,0
2025-11-06 09:31:36,114028,2305,3331,-64,185.84,-6,-1,0
2025-11-06 09:31:37,114063,2148,3220,-64,299.58,1,-5,0
2025-11-06 09:31:38,114098,2136,3135,-64,87.45,0,3,0
2025-11-06 09:31:39,114133,2242,3352,-64,350.07,6,3,0
2025-11-06 09:31:40,114168,2336,3296,-64,257.96,-2,-1,0
2025-11-06 09:31:41,114203,2390,3216,-48,345.32,4,-1,0
2025-11-06 09:31:42,114238,2606,3237,0,71.85,5,4,0
2025-11-06 09:31:43,114273,2670,3418,0,340.05,5,0,0
2025-11-06 09:31:44,114308,2735,3317,0,344.27,0,-3,3
2025-11-06 09:31:47,114414,2833,3305,96,332.23,1,-1,0
2025-11-06 09:31:48,114449,2882,3263,96,298.48,-1,0,0
2025-11-06 09:31:49,114484,2743,3322,96,348.35,-2,0,3
2025-11-06 09:31:50,114519,2743,3330,96,351.56,10,-2,3
2025-11-06 09:31:51,114554,2869,3303,96,36.12,-2,-1,0
2025-11-06 09:31:52,114589,2876,3319,96,97.82,0,0,0
2025-11-06 09:31:53,114624,2854,3343,96,82.4,-1,-1,0
2025-11-06 09:31:54,114659,2828,3349,96,151.52,-4,2,0
2025-11-06 09:31:56,114707,2735,3395,0,132.8,-1,0,3
2025-11-06 09:31:57,114742,2729,3401,0,336.05,-1,-1,3
